timestamp,temperature_celsius
2025-02-07 02:33:08,0.86
2025-02-07 03:08:53,0.73
2025-02-07 04:06:24,-0.03
2025-02-07 05:05:27,-1.49
2025-02-07 06:07:24,-2.64
2025-02-07 07:05:24,-3.56
2025-02-07 08:06:44,-4.62
2025-02-07 09:05:23,-5.33
2025-02-07 10:05:40,-6.06
2025-02-07 11:04:46,-6.49
2025-02-07 12:08:24,-6.86
2025-02-07 13:08:16,-6.71
2025-02-07 14:05:02,-6.68
2025-02-07 15:05:31,-6.23
2025-02-07 16:05:45,-5.12
2025-02-07 17:04:51,-3.42
2025-02-07 18:06:43,-1.99
2025-02-07 19:04:36,-0.85
2025-02-07 20:05:45,0.18
2025-02-07 21:04:45,0.43
2025-02-07 22:04:43,0.6
2025-02-07 23:04:51,-0.21
2025-02-08 00:21:10,-1.24
2025-02-08 01:32:05,-1.62
2025-02-08 02:23:15,-1.91
2025-02-08 03:06:48,-1.94
2025-02-08 04:05:57,-1.94
2025-02-08 05:05:05,-1.74
2025-02-08 06:06:14,-1.64
2025-02-08 07:05:12,-1.46
2025-02-08 08:06:15,-1.18
2025-02-08 09:05:07,-1.17
2025-02-08 10:04:43,-0.97
2025-02-08 11:04:34,-0.73
2025-02-08 12:07:26,-0.81
2025-02-08 13:06:30,-0.81
2025-02-08 14:04:58,-0.77
2025-02-08 15:04:42,-0.6
2025-02-08 16:05:09,-0.27
2025-02-08 17:04:37,0.23
2025-02-08 18:05:53,0.08
2025-02-08 19:04:41,-0.18
2025-02-08 20:05:11,-0.92
2025-02-08 21:04:45,-1.15
2025-02-08 22:04:54,-1.22
2025-02-08 23:04:42,-1.17
2025-02-09 00:23:43,-1.07
2025-02-09 01:32:16,-0.84
2025-02-09 02:27:41,-0.78
2025-02-09 03:08:54,-0.82
2025-02-09 04:05:59,-0.54
2025-02-09 05:05:10,-0.71
2025-02-09 06:06:14,-1.42
2025-02-09 07:04:42,-1.71
2025-02-09 08:06:00,-2.13
2025-02-09 09:04:41,-2.3
2025-02-09 10:05:01,-2.39
2025-02-09 11:04:32,-3.28
2025-02-09 12:07:18,-3.99
2025-02-09 13:06:29,-4.73
2025-02-09 14:04:52,-5.26
2025-02-09 15:04:55,-4.89
2025-02-09 16:05:01,-3.81
2025-02-09 17:04:43,-3.36
2025-02-09 18:06:10,-2.19
2025-02-09 19:05:17,-1.51
2025-02-09 20:05:08,-0.61
2025-02-09 21:04:43,-0.33
2025-02-09 22:04:39,-1.06
2025-02-09 23:05:16,-1.74
2025-02-10 00:22:50,-2.59
2025-02-10 01:32:48,-2.46
2025-02-10 02:27:16,-2.85
2025-02-10 03:09:29,-3.2
2025-02-10 04:06:23,-3.82
2025-02-10 05:05:38,-4.08
2025-02-10 06:07:26,-4.95
2025-02-10 07:05:37,-5.34
2025-02-10 08:07:14,-5.78
2025-02-10 09:05:52,-6.36
2025-02-10 10:05:52,-6.51
2025-02-10 11:04:54,-6.51
2025-02-10 12:08:35,-6.74
2025-02-10 13:09:10,-6.69
2025-02-10 14:05:12,-6.26
2025-02-10 15:05:44,-4.87
2025-02-10 16:06:03,-3.17
2025-02-10 17:05:04,-1.63
2025-02-10 18:06:48,-0.27
2025-02-10 19:04:48,0.46
2025-02-10 20:05:16,0.97
2025-02-10 21:05:03,0.25
2025-02-10 22:04:59,-0.15
2025-02-10 23:05:23,-0.86
2025-02-11 00:21:49,-1.78
2025-02-11 01:32:33,-2.04
2025-02-11 02:26:56,-2.03
2025-02-11 03:08:31,-2.69
2025-02-11 04:06:20,-2.11
2025-02-11 05:05:27,-2.1
2025-02-11 06:07:09,-2.5
2025-02-11 07:05:37,-2.21
2025-02-11 08:06:58,-1.82
2025-02-11 09:05:39,-1.9
2025-02-11 10:05:59,-2.41
2025-02-11 11:04:57,-3
2025-02-11 12:08:47,-3.57
2025-02-11 13:09:22,-4.48
2025-02-11 14:05:35,-4.38
2025-02-11 15:05:38,-4.66
2025-02-11 16:06:02,-4.6
2025-02-11 17:05:05,-4.29
2025-02-11 18:06:00,-4.3
2025-02-11 19:04:47,-4.12
2025-02-11 20:05:46,-4.45
2025-02-11 21:04:57,-4.53
2025-02-11 22:04:54,-4.45
2025-02-11 23:05:24,-4.58
2025-02-12 00:22:00,-4.36
2025-02-12 01:32:33,-4.23
2025-02-12 02:26:04,-4.25
2025-02-12 03:07:53,-4.33
2025-02-12 04:06:26,-4.46
2025-02-12 05:05:48,-4.58
2025-02-12 06:07:24,-4.66
2025-02-12 07:05:36,-4.52
2025-02-12 08:06:43,-4.34
2025-02-12 09:05:39,-4.18
2025-02-12 10:05:39,-4.14
2025-02-12 11:05:01,-4.06
2025-02-12 12:08:29,-3.45
2025-02-12 13:09:00,-3.41
2025-02-12 14:05:18,-2.88
2025-02-12 15:05:42,-2.43
2025-02-12 16:06:20,-2.15
2025-02-12 17:05:02,-2.13
2025-02-12 18:06:45,-3
2025-02-12 19:04:43,-3.25
2025-02-12 20:05:48,-3.2
2025-02-12 21:04:51,-2.76
2025-02-12 22:04:58,-2.53
2025-02-12 23:04:34,-3
2025-02-13 00:22:01,-3.38
2025-02-13 01:32:28,-3.49
2025-02-13 02:26:41,-3.49
2025-02-13 03:08:17,-3.46
2025-02-13 04:06:24,-3.18
2025-02-13 05:05:30,-3.04
2025-02-13 06:07:03,-3.15
2025-02-13 07:05:34,-3.21
2025-02-13 08:06:54,-4.59
2025-02-13 09:05:43,-5.69
2025-02-13 10:05:50,-6.24
2025-02-13 11:04:54,-6.58
2025-02-13 12:08:38,-7.06
2025-02-13 13:09:09,-7.58
2025-02-13 14:05:13,-8.64
2025-02-13 15:05:43,-8.43
2025-02-13 16:06:15,-7.55
2025-02-13 17:04:40,-7.1
2025-02-13 18:06:44,-6.84
2025-02-13 19:04:46,-6.89
2025-02-13 20:05:47,-6.62
2025-02-13 21:04:55,-6.9
2025-02-13 22:04:52,-7.38
2025-02-13 23:05:23,-8.45
2025-02-14 00:22:00,-10.27
2025-02-14 01:32:31,-11.1
2025-02-14 02:26:25,-12.11
2025-02-14 03:08:04,-12.64
2025-02-14 04:06:18,-13.01
2025-02-14 05:05:20,-13.44
2025-02-14 06:06:57,-13.94
2025-02-14 07:05:23,-14.15
2025-02-14 08:06:40,-14.54
2025-02-14 09:05:31,-14.58
2025-02-14 10:05:29,-14.8
2025-02-14 11:04:39,-14.54
2025-02-14 12:08:15,-14.92
2025-02-14 13:08:23,-14.16
2025-02-14 14:04:55,-12.72
2025-02-14 15:05:44,-10.29
2025-02-14 16:05:52,-8.27
2025-02-14 17:04:55,-6.64
2025-02-14 18:06:33,-4.98
2025-02-14 19:04:56,-4.01
2025-02-14 20:05:50,-3.55
2025-02-14 21:04:46,-3.56
2025-02-14 22:05:04,-3.92
2025-02-14 23:04:51,-4.38
2025-02-15 00:21:41,-4.45
2025-02-15 01:32:14,-4.83
2025-02-15 02:25:36,-5.33
2025-02-15 03:06:56,-5.04
2025-02-15 04:06:19,-4.47
2025-02-15 05:05:20,-3.58
2025-02-15 06:06:13,-3.12
2025-02-15 07:04:54,-2.28
2025-02-15 08:06:01,-2.04
2025-02-15 09:05:06,-1.75
2025-02-15 10:05:04,-1.41
2025-02-15 11:04:29,-1.4
2025-02-15 12:07:28,-1.35
2025-02-15 13:06:34,-0.92
2025-02-15 14:04:33,-0.71
2025-02-15 15:05:57,-0.12
2025-02-15 16:05:13,0.54
2025-02-15 17:04:29,1.03
2025-02-15 18:06:04,0.67
2025-02-15 19:04:24,0.2
2025-02-15 20:05:04,0.16
2025-02-15 21:04:33,0.22
2025-02-15 22:04:54,-0.1
2025-02-15 23:04:42,-0.17
2025-02-16 00:24:07,-0.1
2025-02-16 01:32:29,-0.22
2025-02-16 02:29:09,-0.35
2025-02-16 03:11:01,-0.47
2025-02-16 04:06:09,-0.82
2025-02-16 05:05:11,-1.82
2025-02-16 06:06:13,-2.25
2025-02-16 07:05:00,-2.45
2025-02-16 08:06:01,-2.65
2025-02-16 09:04:58,-2.76
2025-02-16 10:04:41,-2.57
2025-02-16 11:04:47,-2.67
2025-02-16 12:09:30,-2.83
2025-02-16 13:07:05,-3.28
2025-02-16 14:05:21,-3.5
2025-02-16 15:04:46,-3.25
2025-02-16 16:05:11,-3.42
2025-02-16 17:04:39,-2.66
2025-02-16 18:06:09,-2.31
2025-02-16 19:05:25,-2.79
2025-02-16 20:05:16,-2.86
2025-02-16 21:04:59,-3.18
2025-02-16 22:04:43,-3.5
2025-02-16 23:04:50,-4.28
2025-02-17 00:23:39,-5.23
2025-02-17 01:32:57,-6.69
2025-02-17 02:28:33,-7.52
2025-02-17 03:10:44,-8.56
2025-02-17 04:06:27,-9.86
2025-02-17 05:05:48,-10.97
2025-02-17 06:07:29,-12.07
2025-02-17 07:05:58,-12.99
2025-02-17 08:07:28,-13.61
2025-02-17 09:06:24,-14.29
2025-02-17 10:05:58,-15.24
2025-02-17 11:05:00,-15.46
2025-02-17 12:09:07,-15.56
2025-02-17 13:10:04,-16.02
2025-02-17 14:05:27,-15.61
2025-02-17 15:05:40,-14.75
2025-02-17 16:05:50,-13.41
2025-02-17 17:04:46,-12.61
2025-02-17 18:06:33,-11.89
2025-02-17 19:04:37,-11.27
2025-02-17 20:05:41,-11.39
2025-02-17 21:04:42,-11.73
2025-02-17 22:04:47,-11.95
2025-02-17 23:04:59,-12.7
2025-02-18 00:21:51,-13.66
2025-02-18 01:32:35,-14.73
2025-02-18 02:25:51,-15.12
2025-02-18 03:07:36,-15.43
2025-02-18 04:06:19,-16.02
2025-02-18 05:05:34,-16.47
2025-02-18 06:07:10,-17.15
2025-02-18 07:05:27,-17.36
2025-02-18 08:06:50,-17.87
2025-02-18 09:05:38,-18.2
2025-02-18 10:05:36,-18.66
2025-02-18 11:04:51,-18.78
2025-02-18 12:08:39,-19.37
2025-02-18 13:08:49,-19.41
2025-02-18 14:05:14,-18.5
2025-02-18 15:05:45,-17.58
2025-02-18 16:06:09,-15.48
2025-02-18 17:05:19,-13.54
2025-02-18 18:07:04,-11.46
2025-02-18 19:04:51,-10.6
2025-02-18 20:05:57,-9.94
2025-02-18 21:04:54,-9.57
2025-02-18 22:04:50,-10.18
2025-02-18 23:04:57,-10.78
2025-02-19 00:22:05,-12.25
2025-02-19 01:32:43,-13.19
2025-02-19 02:26:53,-13.83
2025-02-19 03:08:51,-14.04
2025-02-19 04:06:18,-13.94
2025-02-19 05:05:25,-13.71
2025-02-19 06:07:16,-13.66
2025-02-19 07:05:40,-14.05
2025-02-19 08:07:15,-14.14
2025-02-19 09:05:40,-14.41
2025-02-19 10:05:43,-14.43
2025-02-19 11:04:47,-14.63
2025-02-19 12:08:32,-14.31
2025-02-19 13:08:43,-14.42
2025-02-19 14:05:20,-14.41
2025-02-19 15:05:41,-12.94
2025-02-19 16:06:04,-11.12
2025-02-19 17:04:54,-10.16
2025-02-19 18:06:48,-9.31
2025-02-19 19:04:44,-8.24
2025-02-19 20:05:52,-7.68
2025-02-19 21:04:57,-8.38
2025-02-19 22:05:02,-8.92
2025-02-19 23:05:19,-9.8
2025-02-20 00:22:11,-10.87
2025-02-20 01:32:55,-11.47
2025-02-20 02:27:08,-11.71
2025-02-20 03:08:57,-11.78
2025-02-20 04:06:23,-11.88
2025-02-20 05:05:35,-12.29
2025-02-20 06:07:03,-12.61
2025-02-20 07:05:27,-13.01
2025-02-20 08:06:58,-13.11
2025-02-20 09:05:33,-13.69
2025-02-20 10:05:39,-13.95
2025-02-20 11:04:51,-14.31
2025-02-20 12:08:37,-14.58
2025-02-20 13:09:39,-14.31
2025-02-20 14:05:10,-12.89
2025-02-20 15:05:31,-10.65
2025-02-20 16:06:13,-7.75
2025-02-20 17:04:55,-6.66
2025-02-20 18:06:44,-5.57
2025-02-20 19:04:52,-4.84
2025-02-20 20:05:48,-4.45
2025-02-20 21:04:52,-3.76
2025-02-20 22:04:52,-3.95
2025-02-20 23:05:30,-4.31
2025-02-21 00:22:10,-5.82
2025-02-21 01:32:57,-6.58
2025-02-21 02:27:27,-7.26
2025-02-21 03:09:47,-7.56
2025-02-21 04:06:24,-8.12
2025-02-21 05:05:40,-8.83
2025-02-21 06:07:07,-8.96
2025-02-21 07:05:33,-9.2
2025-02-21 08:06:58,-9.47
2025-02-21 09:05:34,-9.99
2025-02-21 10:05:46,-10.13
2025-02-21 11:04:48,-10.57
2025-02-21 12:08:31,-10.82
2025-02-21 13:09:09,-10.78
2025-02-21 14:04:54,-9.25
2025-02-21 15:05:32,-7.07
2025-02-21 16:05:57,-4.64
2025-02-21 17:04:50,-2.75
2025-02-21 18:06:38,-1.57
2025-02-21 19:04:43,-1.46
2025-02-21 20:05:40,-1.43
2025-02-21 21:04:43,-1.19
2025-02-21 22:04:49,-1.28
2025-02-21 23:05:40,-1.97
2025-02-22 00:21:16,-3.52
2025-02-22 01:32:07,-4.13
2025-02-22 02:24:34,-4.94
2025-02-22 03:06:49,-5.5
2025-02-22 04:06:06,-5.76
2025-02-22 05:05:02,-5.9
2025-02-22 06:06:18,-6.03
2025-02-22 07:04:42,-6.13
2025-02-22 08:05:53,-6.4
2025-02-22 09:05:06,-7.05
2025-02-22 10:04:43,-7.25
2025-02-22 11:04:30,-7.73
2025-02-22 12:07:19,-8.23
2025-02-22 13:06:58,-8.64
2025-02-22 14:04:58,-7.44
2025-02-22 15:04:42,-5.83
2025-02-22 16:05:05,-4.18
2025-02-22 17:04:38,-2.78
2025-02-22 18:05:59,-1.03
2025-02-22 19:04:58,-0.19
2025-02-22 20:04:56,0.49
2025-02-22 21:05:25,1.35
2025-02-22 22:04:40,1.44
2025-02-22 23:04:49,0.87
2025-02-23 00:24:05,0.79
2025-02-23 01:32:33,0.48
2025-02-23 02:29:10,0.22
2025-02-23 03:11:12,-0.26
2025-02-23 04:06:10,-1.12
2025-02-23 05:05:12,-0.89
2025-02-23 06:06:20,-1.41
2025-02-23 07:05:10,-1.99
2025-02-23 08:06:11,-2.38
2025-02-23 09:05:15,-2.65
2025-02-23 10:05:10,-2.77
2025-02-23 11:05:11,-2.96
2025-02-23 12:07:48,-2.95
2025-02-23 13:07:11,-2.85
2025-02-23 14:04:52,-2.43
2025-02-23 15:04:44,-1.14
2025-02-23 16:05:08,0.42
2025-02-23 17:04:37,1.73
2025-02-23 18:06:00,2.85
2025-02-23 19:04:29,3.61
2025-02-23 20:05:29,5.3
2025-02-23 21:04:58,6.32
2025-02-23 22:04:40,6.39
2025-02-23 23:04:50,2.29
2025-02-24 00:23:11,3.91
2025-02-24 01:32:58,2.26
2025-02-24 02:29:27,2.9
2025-02-24 03:12:06,3.45
2025-02-24 04:06:42,3.96
2025-02-24 05:05:53,4.1
2025-02-24 06:07:27,3.74
2025-02-24 07:05:53,3.76
2025-02-24 08:07:25,3.79
2025-02-24 09:06:36,3.66
2025-02-24 10:06:03,4.05
2025-02-24 11:04:47,4.34
2025-02-24 12:09:01,4.61
2025-02-24 13:10:16,4.41
2025-02-24 14:05:40,5.47
2025-02-24 15:05:59,6.39
2025-02-24 16:06:16,7.55
2025-02-24 17:05:05,8.33
2025-02-24 18:07:03,9.22
2025-02-24 19:04:41,10.29
2025-02-24 20:06:00,5.71
2025-02-24 21:04:53,12.02
2025-02-24 22:05:21,5.58
2025-02-24 23:05:06,12.02
2025-02-25 00:22:39,12.02
2025-02-25 01:32:51,11.02
2025-02-25 02:28:35,11.02
2025-02-25 03:11:23,9.77
2025-02-25 04:06:26,4.17
2025-02-25 05:05:40,8.59
2025-02-25 06:07:12,7.64
2025-02-25 07:05:37,6.53
2025-02-25 08:07:09,5.93
2025-02-25 09:05:47,5.57
2025-02-25 10:05:53,4.78
2025-02-25 11:04:53,4.32
2025-02-25 12:08:53,4.07
2025-02-25 13:09:48,2.93
2025-02-25 14:05:35,6.02
2025-02-25 15:05:56,7.41
2025-02-25 16:06:19,8.96
2025-02-25 17:05:07,10.35
2025-02-25 18:07:09,10.8
2025-02-25 19:04:47,11.77
2025-02-25 20:05:55,11.69
2025-02-25 21:04:54,11.47
2025-02-25 22:05:08,11.33
2025-02-25 23:05:11,10.23
2025-02-26 00:22:21,7.44
2025-02-26 01:32:52,5.95
2025-02-26 02:28:27,5.21
2025-02-26 03:10:58,5.24
2025-02-26 04:06:41,4.29
2025-02-26 05:05:43,3.88
2025-02-26 06:07:25,3.7
2025-02-26 07:05:45,3.56
2025-02-26 08:07:17,3.85
2025-02-26 09:05:57,3.81
2025-02-26 10:06:05,4.09
2025-02-26 11:05:08,4.7
2025-02-26 12:08:49,5.02
2025-02-26 13:09:43,4.41
2025-02-26 14:05:20,3.67
2025-02-26 15:05:58,4.28
2025-02-26 16:06:25,4.97
2025-02-26 17:04:59,6.12
2025-02-26 18:06:50,5.96
2025-02-26 19:04:45,6.28
2025-02-26 20:05:53,8.52
2025-02-26 21:05:08,7.95
2025-02-26 22:04:55,6.81
2025-02-26 23:05:33,6.29
2025-02-27 00:22:30,6.52
2025-02-27 01:32:59,5.36
2025-02-27 02:28:53,4.28
2025-02-27 03:11:43,3.94
2025-02-27 04:06:39,3.65
2025-02-27 05:05:36,3.57
2025-02-27 06:07:18,3.38
2025-02-27 07:05:35,3.02
2025-02-27 08:07:08,2.44
2025-02-27 09:05:48,2.28
2025-02-27 10:05:55,2.71
2025-02-27 11:04:55,2.98
2025-02-27 12:08:56,2.97
2025-02-27 13:10:09,2.91
2025-02-27 14:05:41,3.13
2025-02-27 15:06:06,4.54
2025-02-27 16:06:22,7.38
2025-02-27 17:05:02,8.71
2025-02-27 18:06:54,8.85
2025-02-27 19:04:43,8.63
2025-02-27 20:05:59,8.46
2025-02-27 21:04:57,8.66
2025-02-27 22:05:28,8.54
2025-02-27 23:05:37,7.67
2025-02-28 00:22:34,6.77
2025-02-28 01:32:57,5.75
2025-02-28 02:29:17,4.83
2025-02-28 03:12:08,4.13
2025-02-28 04:06:35,3.66
2025-02-28 05:05:37,3.14
2025-02-28 06:07:14,2.93
2025-02-28 07:05:53,2.84
2025-02-28 08:07:04,2.18
2025-02-28 09:05:34,2.3
2025-02-28 10:05:47,2.14
2025-02-28 11:04:53,2.23
2025-02-28 12:08:45,2.54
2025-02-28 13:09:25,4.36
2025-02-28 14:05:17,5.44
2025-02-28 15:05:39,8.48
2025-02-28 16:06:07,10.78
2025-02-28 17:04:59,11.53
2025-02-28 18:06:59,12.74
2025-02-28 19:04:49,13.92
2025-02-28 20:05:48,13.73
2025-02-28 21:04:48,14.32
2025-02-28 22:04:55,13.99
2025-02-28 23:05:09,12.85
2025-03-01 00:24:57,10.41
2025-03-01 01:32:54,8.22
2025-03-01 02:30:49,5.69
2025-03-01 03:15:41,4.41
2025-03-01 04:06:07,3.78
2025-03-01 05:05:22,2.78
2025-03-01 06:06:21,1.59
2025-03-01 07:05:03,0.85
2025-03-01 08:06:17,-0.32
2025-03-01 09:05:14,-1.26
2025-03-01 10:05:30,-2.35
2025-03-01 11:04:45,-2.59
2025-03-01 12:07:51,-3.02
2025-03-01 13:07:24,-4.02
2025-03-01 14:04:42,-4.44
2025-03-01 15:04:57,-4.91
2025-03-01 16:05:06,-4.71
2025-03-01 17:04:45,-4.34
2025-03-01 18:06:17,-3.6
2025-03-01 19:04:31,-3.13
2025-03-01 20:05:16,-2.5
2025-03-01 21:05:03,-2.51
2025-03-01 22:04:37,-2.62
2025-03-01 23:05:20,-3.18
2025-03-02 00:24:42,-3.91
2025-03-02 01:32:42,-4.3
2025-03-02 02:30:30,-4.72
2025-03-02 03:13:15,-4.34
2025-03-02 04:06:01,-5
2025-03-02 05:05:18,-4.9
2025-03-02 06:06:27,-5.12
2025-03-02 07:05:05,-5.1
2025-03-02 08:06:09,-5.28
2025-03-02 09:05:16,-5.66
2025-03-02 10:04:54,-5.81
2025-03-02 11:04:31,-5.55
2025-03-02 12:07:54,-6.16
2025-03-02 13:07:14,-6.21
2025-03-02 14:05:11,-5.32
2025-03-02 15:04:42,-3.14
2025-03-02 16:05:12,-1.7
2025-03-02 17:04:40,-0.62
2025-03-02 18:06:07,0.18
2025-03-02 19:04:25,0.97
2025-03-02 20:05:07,0.86
2025-03-02 21:04:39,1.14
2025-03-02 22:05:04,1.54
2025-03-02 23:05:02,0.4
2025-03-03 00:24:03,-0.58
2025-03-03 01:33:08,-0.8
2025-03-03 02:30:05,-1.47
2025-03-03 03:13:33,-1.03
2025-03-03 04:07:07,-1.67
2025-03-03 05:06:10,-0.86
2025-03-03 06:07:44,-0.34
2025-03-03 07:05:54,0.4
2025-03-03 08:07:37,0.53
2025-03-03 09:06:44,0.74
2025-03-03 10:06:23,0.8
2025-03-03 11:05:01,1.04
2025-03-03 12:09:00,1.1
2025-03-03 13:10:07,1.41
2025-03-03 14:05:50,1.68
2025-03-03 15:05:48,2.36
2025-03-03 16:06:15,2.95
2025-03-03 17:05:10,4.01
2025-03-03 18:06:35,4.66
2025-03-03 19:04:46,4.94
2025-03-03 20:05:39,6.67
2025-03-03 21:04:54,7.79
2025-03-03 22:05:04,8.58
2025-03-03 23:05:14,7.97
2025-03-04 00:22:42,6.57
2025-03-04 01:32:53,6.3
2025-03-04 02:29:39,6.53
2025-03-04 03:13:23,6.6
2025-03-04 04:06:28,7.15
2025-03-04 05:05:41,7.94
2025-03-04 06:07:12,8.33
2025-03-04 07:05:39,8.42
2025-03-04 08:07:12,6.54
2025-03-04 09:05:45,7.84
2025-03-04 10:05:55,7.79
2025-03-04 11:04:55,7.65
2025-03-04 12:08:47,7.38
2025-03-04 13:09:56,7.55
2025-03-04 14:05:43,8.21
2025-03-04 15:05:57,8.25
2025-03-04 16:06:17,8.43
2025-03-04 17:05:11,8.54
2025-03-04 18:07:05,8.29
2025-03-04 19:04:40,7.42
2025-03-04 20:05:33,7.53
2025-03-04 21:04:56,7.67
2025-03-04 22:04:55,7.81
2025-03-04 23:05:08,8.19
2025-03-05 00:22:52,7.37
2025-03-05 01:32:54,6.53
2025-03-05 02:29:29,6.13
2025-03-05 03:12:29,6.08
2025-03-05 04:06:26,6.54
2025-03-05 05:05:32,6.74
2025-03-05 06:07:22,7.61
2025-03-05 07:05:37,7.92
2025-03-05 08:07:06,9.36
2025-03-05 09:05:44,10.12
2025-03-05 10:05:51,9.9
2025-03-05 11:04:54,9.8
2025-03-05 12:09:08,9.54
2025-03-05 13:10:08,9.49
2025-03-05 14:05:28,9.59
2025-03-05 15:05:43,10.07
2025-03-05 16:07:02,10.26
2025-03-05 17:05:21,10.69
2025-03-05 18:06:58,10.75
2025-03-05 19:04:52,8.06
2025-03-05 20:05:59,4.89
2025-03-05 21:05:00,3.04
2025-03-05 22:05:14,2
2025-03-05 23:05:52,0.82
2025-03-06 00:23:09,0.14
2025-03-06 01:32:56,-0.28
2025-03-06 02:29:55,-0.69
2025-03-06 03:13:05,-0.96
2025-03-06 04:06:32,-0.88
2025-03-06 05:05:40,-0.76
2025-03-06 06:07:24,-0.83
2025-03-06 07:05:31,-0.97
2025-03-06 08:07:07,-0.98
2025-03-06 09:06:04,-1.25
2025-03-06 10:05:54,-1.7
2025-03-06 11:04:53,-2.2
2025-03-06 12:08:37,-2.31
2025-03-06 13:10:03,-2.36
2025-03-06 14:05:36,-1.84
2025-03-06 15:05:39,-1.03
2025-03-06 16:06:09,0.56
2025-03-06 17:05:09,1.88
2025-03-06 18:06:43,2.85
2025-03-06 19:04:54,3.24
2025-03-06 20:05:42,4.4
2025-03-06 21:05:06,4.87
2025-03-06 22:05:21,5.26
2025-03-06 23:05:30,4.76
2025-03-07 00:23:01,3.73
2025-03-07 01:32:48,2.66
2025-03-07 02:29:56,2.01
2025-03-07 03:13:41,1.81
2025-03-07 04:06:27,1.5
2025-03-07 05:05:42,1.43
2025-03-07 06:07:16,1.7
2025-03-07 07:05:38,1.96
2025-03-07 08:07:09,2.17
2025-03-07 09:05:35,1.39
2025-03-07 10:05:43,1.66
2025-03-07 11:04:46,1.67
2025-03-07 12:08:27,1.81
2025-03-07 13:09:36,2.15
2025-03-07 14:05:13,2.84
2025-03-07 15:05:17,3.47
2025-03-07 16:05:57,4.07
2025-03-07 17:04:55,3.3
2025-03-07 18:06:37,2.65
2025-03-07 19:04:44,1.86
2025-03-07 20:05:52,1.47
2025-03-07 21:05:14,1.41
2025-03-07 22:04:38,1.58
2025-03-07 23:05:15,1.53
2025-03-08 00:18:28,1.22
2025-03-08 01:30:06,1.32
2025-03-08 02:15:26,1.2
2025-03-08 03:05:51,1.12
2025-03-08 04:05:29,0.85
2025-03-08 05:04:39,0.82
2025-03-08 06:05:58,0.59
2025-03-08 07:04:32,0.31
2025-03-08 08:05:19,-0.1
2025-03-08 09:05:41,0.37
2025-03-08 10:05:18,0.05
2025-03-08 11:05:46,-0.51
2025-03-08 12:06:28,-1.03
2025-03-08 13:04:57,-1.39
2025-03-08 14:04:26,0.68
2025-03-08 15:04:38,2
2025-03-08 16:05:07,3.3
2025-03-08 17:04:21,4.32
2025-03-08 18:05:23,6.41
2025-03-08 19:04:56,7.79
2025-03-08 20:04:55,8.75
2025-03-08 21:04:33,9.74
2025-03-08 22:04:32,10.05
2025-03-08 23:04:45,9.31
2025-03-09 00:20:33,8.19
2025-03-09 01:31:19,7.31
2025-03-09 02:17:42,7.03
2025-03-09 03:05:47,6.4
2025-03-09 04:05:15,5.85
2025-03-09 05:04:47,5.51
2025-03-09 06:05:55,4.6
2025-03-09 07:04:56,4.26
2025-03-09 08:06:21,3.6
2025-03-09 09:04:54,2.94
2025-03-09 10:04:46,2.53
2025-03-09 11:04:37,2.1
2025-03-09 12:06:37,1.5
2025-03-09 13:05:31,1.89
2025-03-09 14:04:34,3.73
2025-03-09 15:05:13,6.57
2025-03-09 16:05:06,9.11
2025-03-09 17:04:22,10.8
2025-03-09 18:05:17,12.7
2025-03-09 19:04:24,13.65
2025-03-09 20:05:11,14.38
2025-03-09 21:04:35,14.72
2025-03-09 22:04:39,14.76
2025-03-09 23:04:52,13.87
2025-03-10 00:20:02,12.95
2025-03-10 01:31:40,11.99
2025-03-10 02:18:23,11.09
2025-03-10 03:05:31,10.72
2025-03-10 04:05:40,10.15
2025-03-10 05:05:16,9.63
2025-03-10 06:06:32,8.85
2025-03-10 07:05:26,8.07
2025-03-10 08:06:31,7.65
2025-03-10 09:05:26,6.42
2025-03-10 10:05:08,6.41
2025-03-10 11:04:39,5.61
2025-03-10 12:09:06,4.89
2025-03-10 13:10:51,5.33
2025-03-10 14:05:49,7.64
2025-03-10 15:06:11,10.86
2025-03-10 16:05:56,13.89
2025-03-10 17:05:03,15.32
2025-03-10 18:06:32,17.47
2025-03-10 19:04:46,18.66
2025-03-10 20:05:56,19.5
2025-03-10 21:05:02,20.27
2025-03-10 22:05:00,20.22
2025-03-10 23:05:21,19.78
2025-03-11 00:22:59,17.88
2025-03-11 01:33:03,16.74
2025-03-11 02:30:03,15.92
2025-03-11 03:13:54,15.72
2025-03-11 04:06:23,15.56
2025-03-11 05:05:41,15.15
2025-03-11 06:07:20,15.45
2025-03-11 07:05:41,13.84
2025-03-11 08:07:23,12.94
2025-03-11 09:06:00,12.14
2025-03-11 10:05:50,11.29
2025-03-11 11:04:51,10.18
2025-03-11 12:08:59,9.19
2025-03-11 13:10:46,9.75
2025-03-11 14:05:52,11.19
2025-03-11 15:05:56,5.96
2025-03-11 16:06:19,5.55
2025-03-11 17:05:11,5.55
2025-03-11 18:06:59,5.4
2025-03-11 19:04:51,5.31
2025-03-11 20:05:45,5.23
2025-03-11 21:04:49,5.04
2025-03-11 22:05:12,4.4
2025-03-11 23:05:06,3.37
2025-03-12 00:22:49,2.49
2025-03-12 01:32:54,2.54
2025-03-12 02:29:48,2.62
2025-03-12 03:12:55,2.77
2025-03-12 04:06:23,2.86
2025-03-12 05:05:58,3.63
2025-03-12 06:07:15,4.06
2025-03-12 07:05:39,4.32
2025-03-12 08:07:18,4.27
2025-03-12 09:05:42,3.87
2025-03-12 10:05:45,3.79
2025-03-12 11:04:50,3.44
2025-03-12 12:08:54,3.04
2025-03-12 13:10:47,3.5
2025-03-12 14:05:40,4.37
2025-03-12 15:06:04,5.49
2025-03-12 16:06:36,6.05
2025-03-12 17:05:07,6.92
2025-03-12 18:07:00,7.52
2025-03-12 19:04:47,8.01
2025-03-12 20:05:50,8.01
2025-03-12 21:04:56,7.88
2025-03-12 22:05:22,8.68
2025-03-12 23:05:24,7.6
2025-03-13 00:23:24,6.31
2025-03-13 01:32:59,5.03
2025-03-13 02:30:31,4.36
2025-03-13 03:14:00,4.31
2025-03-13 04:06:28,3.8
2025-03-13 05:06:09,3.76
2025-03-13 06:07:18,3.83
2025-03-13 07:05:26,3.5
2025-03-13 08:07:05,3.13
2025-03-13 09:05:40,2.51
2025-03-13 10:05:59,2.52
2025-03-13 11:04:54,2.56
2025-03-13 12:09:03,2.51
2025-03-13 13:10:39,3.43
2025-03-13 14:05:38,6.24
2025-03-13 15:06:01,8.72
2025-03-13 16:06:16,9.6
2025-03-13 17:04:50,10.73
2025-03-13 18:07:19,11.21
2025-03-13 19:04:46,12.01
2025-03-13 20:05:52,11.87
2025-03-13 21:04:48,11.53
2025-03-13 22:04:57,10.37
2025-03-13 23:05:15,9.54
2025-03-14 00:22:31,7.83
2025-03-14 01:33:01,7.45
2025-03-14 02:29:32,7.34
2025-03-14 03:13:12,7.89
2025-03-14 04:06:23,8.64
2025-03-14 05:05:35,9.6
2025-03-14 06:07:08,9.84
2025-03-14 07:05:28,10.37
2025-03-14 08:07:14,10.57
2025-03-14 09:05:52,10.06
2025-03-14 10:05:38,9.99
2025-03-14 11:04:44,9.96
2025-03-14 12:08:41,10.27
2025-03-14 13:09:23,11.13
2025-03-14 14:05:19,13.02
2025-03-14 15:05:34,16.26
2025-03-14 16:06:07,20.11
2025-03-14 17:04:59,22.25
2025-03-14 18:06:32,24.15
2025-03-14 19:04:32,25.26
2025-03-14 20:05:44,25.85
2025-03-14 21:05:09,25.68
2025-03-14 22:04:57,25.34
2025-03-14 23:05:24,25.06
2025-03-15 00:22:45,23.99
2025-03-15 01:32:39,23.19
2025-03-15 02:28:25,22.7
2025-03-15 03:11:34,22.74
2025-03-15 04:06:06,21.83
2025-03-15 05:05:15,21.64
2025-03-15 06:06:22,14.21
2025-03-15 07:05:14,12.81
2025-03-15 08:06:09,13.35
2025-03-15 09:05:00,13.24
2025-03-15 10:05:17,14.19
2025-03-15 11:04:32,14.73
2025-03-15 12:07:54,14.93
2025-03-15 13:07:33,15.38
2025-03-15 14:05:17,16.24
2025-03-15 15:04:46,17.74
2025-03-15 16:05:18,18.25
2025-03-15 17:04:32,18.66
2025-03-15 18:06:11,19.04
2025-03-15 19:04:26,18.81
2025-03-15 20:05:22,17.91
2025-03-15 21:04:56,17.71
2025-03-15 22:05:05,16.27
2025-03-15 23:04:51,12.58
2025-03-16 00:25:21,11.05
2025-03-16 01:32:52,9.92
2025-03-16 02:31:52,8.24
2025-03-16 03:17:00,7.67
2025-03-16 04:05:59,7
2025-03-16 05:05:19,6.42
2025-03-16 06:06:17,5.56
2025-03-16 07:04:47,5
2025-03-16 08:06:13,4.23
2025-03-16 09:04:55,3.19
2025-03-16 10:04:58,2.32
2025-03-16 11:04:59,2.07
2025-03-16 12:07:43,1.79
2025-03-16 13:07:45,1.68
2025-03-16 14:04:31,1.29
2025-03-16 15:04:38,-0.03
2025-03-16 16:05:15,-0.09
2025-03-16 17:04:39,-0.41
2025-03-16 18:06:13,-0.71
2025-03-16 19:04:28,0.41
2025-03-16 20:05:17,0.91
2025-03-16 21:04:45,0.87
2025-03-16 22:04:58,0.81
2025-03-16 23:05:17,0.85
2025-03-17 00:24:17,0.79
2025-03-17 01:33:25,0.18
2025-03-17 02:31:50,0.18
2025-03-17 03:16:21,-0.35
2025-03-17 04:06:31,-0.45
2025-03-17 05:05:56,-0.89
2025-03-17 06:07:50,-0.9
2025-03-17 07:06:15,-1.7
2025-03-17 08:07:33,-1.65
2025-03-17 09:06:27,-1.77
2025-03-17 10:06:06,-1.95
2025-03-17 11:04:47,-1.4
2025-03-17 12:09:08,-1.36
2025-03-17 13:11:35,-0.48
2025-03-17 14:05:48,2.22
2025-03-17 15:05:22,4.42
2025-03-17 16:06:42,5.8
2025-03-17 17:05:15,6.35
2025-03-17 18:06:57,7.43
2025-03-17 19:04:49,9.19
2025-03-17 20:05:49,10.63
2025-03-17 21:04:48,11.27
2025-03-17 22:05:20,11.95
2025-03-17 23:05:30,11.51
2025-03-18 00:23:05,10.31
2025-03-18 01:33:17,9.46
2025-03-18 02:31:09,9.04
2025-03-18 03:15:45,8.79
2025-03-18 04:06:41,8.39
2025-03-18 05:05:50,8.45
2025-03-18 06:07:47,8.42
2025-03-18 07:05:43,8.37
2025-03-18 08:07:36,8.12
2025-03-18 09:06:01,8.49
2025-03-18 10:05:47,8.62
2025-03-18 11:05:00,8.2
2025-03-18 12:09:11,7.66
2025-03-18 13:11:11,8.05
2025-03-18 14:05:52,8.65
2025-03-18 15:05:56,9.57
2025-03-18 16:06:21,11.46
2025-03-18 17:05:16,14
2025-03-18 18:07:11,15.98
2025-03-18 19:04:45,18.41
2025-03-18 20:05:00,20.04
2025-03-18 21:04:58,21.97
2025-03-18 22:04:52,22.29
2025-03-18 23:05:07,22.03
2025-03-19 00:23:24,20.2
2025-03-19 01:33:00,19.59
2025-03-19 02:30:52,17.94
2025-03-19 03:15:01,18.01
2025-03-19 04:06:19,11.02
2025-03-19 05:05:40,11.02
2025-03-19 06:07:22,5.55
2025-03-19 07:05:35,6.18
2025-03-19 08:07:27,4.6
2025-03-19 09:05:46,4.46
2025-03-19 10:06:06,4.48
2025-03-19 11:04:53,3.99
2025-03-19 12:08:54,4.25
2025-03-19 13:10:59,4.53
2025-03-19 14:05:45,5.33
2025-03-19 15:05:43,6.17
2025-03-19 16:06:10,6.36
2025-03-19 17:05:22,4.77
2025-03-19 18:07:19,4.58
2025-03-19 19:04:42,4.05
2025-03-19 20:05:57,4.33
2025-03-19 21:05:13,3.73
2025-03-19 22:05:02,4.08
2025-03-19 23:05:35,5.05
2025-03-20 00:22:52,4.64
2025-03-20 01:32:59,3.56
2025-03-20 02:30:16,3.27
2025-03-20 03:14:03,2.98
2025-03-20 04:06:29,2.42
2025-03-20 05:05:40,2.19
2025-03-20 06:07:19,2.03
2025-03-20 07:05:33,2.35
2025-03-20 08:07:21,1.33
2025-03-20 09:05:35,0.56
2025-03-20 10:06:02,0.34
2025-03-20 11:04:54,0.09
2025-03-20 12:09:07,-0.27
2025-03-20 13:10:14,-0.79
2025-03-20 14:05:48,-0.13
2025-03-20 15:06:06,0.79
2025-03-20 16:06:18,1.82
2025-03-20 17:05:05,0.87
2025-03-20 18:06:59,1.68
2025-03-20 19:04:50,3.89
2025-03-20 20:05:54,5.19
2025-03-20 21:04:51,5.75
2025-03-20 22:05:02,5.05
2025-03-20 23:05:25,2.78
2025-03-21 00:23:09,0.84
2025-03-21 01:33:08,1.81
2025-03-21 02:31:07,0.51
2025-03-21 03:15:50,1.19
2025-03-21 04:06:37,0.86
2025-03-21 05:06:00,-0.74
2025-03-21 06:07:24,-0.65
2025-03-21 07:05:23,-1.37
2025-03-21 08:07:00,-1.03
2025-03-21 09:05:31,-0.99
2025-03-21 10:05:51,-0.7
2025-03-21 11:04:42,0.09
2025-03-21 12:08:32,-0.11
2025-03-21 13:10:13,1.44
2025-03-21 14:05:24,3.32
2025-03-21 15:05:46,5.95
2025-03-21 16:06:25,7.79
2025-03-21 17:04:56,10.14
2025-03-21 18:06:45,12.21
2025-03-21 19:04:33,13.34
2025-03-21 20:05:49,13.61
2025-03-21 21:04:44,14.03
2025-03-21 22:05:17,14.16
2025-03-21 23:05:09,13.01
2025-03-22 00:22:41,12.53
2025-03-22 01:32:39,11.91
2025-03-22 02:29:17,11.27
2025-03-22 03:15:03,12.08
2025-03-22 04:06:06,9.69
2025-03-22 05:05:28,8.61
2025-03-22 06:06:22,6.77
2025-03-22 07:05:01,7.15
2025-03-22 08:06:09,5.75
2025-03-22 09:05:25,7.41
2025-03-22 10:05:15,3.33
2025-03-22 11:04:57,3.77
2025-03-22 12:07:47,1.42
2025-03-22 13:07:39,1.4
2025-03-22 14:05:02,2.38
2025-03-22 15:04:46,2.98
2025-03-22 16:05:22,3.78
2025-03-22 17:04:36,4.12
2025-03-22 18:06:03,6.04
2025-03-22 19:04:46,3.6
2025-03-22 20:05:17,8.16
2025-03-22 21:04:33,8.64
2025-03-22 22:05:12,8.37
2025-03-22 23:05:06,2.38
2025-03-23 00:25:18,6.41
2025-03-23 01:33:01,3.83
2025-03-23 02:32:43,2.47
2025-03-23 03:18:29,1.27
2025-03-23 04:06:15,1.37
2025-03-23 05:05:16,2.08
2025-03-23 06:06:50,1.22
2025-03-23 07:05:05,2.67
2025-03-23 08:06:17,1.64
2025-03-23 09:05:05,1.9
2025-03-23 10:04:52,2.27
2025-03-23 11:04:26,2.68
2025-03-23 12:08:14,3.76
2025-03-23 13:07:47,4.07
2025-03-23 14:04:39,5.24
2025-03-23 15:04:58,6.74
2025-03-23 16:05:20,6.88
2025-03-23 17:04:30,8.85
2025-03-23 18:06:15,8.93
2025-03-23 19:04:47,7.53
2025-03-23 20:05:23,7.79
2025-03-23 21:04:42,6.86
2025-03-23 22:05:06,6.47
2025-03-23 23:05:06,6.55
2025-03-24 00:24:31,5.86
2025-03-24 01:33:41,4.41
2025-03-24 02:33:00,4.62
2025-03-24 03:19:20,4.42
2025-03-24 04:06:59,4.02
2025-03-24 05:06:11,4.15
2025-03-24 06:07:58,3.15
2025-03-24 07:06:15,2.69
2025-03-24 08:07:42,2.63
2025-03-24 09:06:26,2.14
2025-03-24 10:06:35,1.12
2025-03-24 11:04:56,0.84
2025-03-24 12:09:44,0.76
2025-03-24 13:11:37,0.85
2025-03-24 14:05:44,0.98
2025-03-24 15:05:57,1.75
2025-03-24 16:06:50,3.72
2025-03-24 17:05:04,5.94
2025-03-24 18:07:09,6.98
2025-03-24 19:04:38,7.28
2025-03-24 20:05:42,8.41
2025-03-24 21:04:55,8.58
2025-03-24 22:05:14,8.61
2025-03-24 23:05:27,8.41
2025-03-25 00:23:39,7.43
2025-03-25 01:33:08,4.85
2025-03-25 02:31:38,3.48
2025-03-25 03:17:12,3.2
2025-03-25 04:06:51,3.04
2025-03-25 05:06:08,2.08
2025-03-25 06:07:50,2.09
2025-03-25 07:05:45,1.89
2025-03-25 08:07:17,1.08
2025-03-25 09:05:54,0.96
2025-03-25 10:05:54,1.09
2025-03-25 11:04:51,1.65
2025-03-25 12:09:06,0.8
2025-03-25 13:11:32,1.59
2025-03-25 14:05:50,3.34
2025-03-25 15:05:55,4.86
2025-03-25 16:05:57,6.07
2025-03-25 17:05:04,6.74
2025-03-25 18:07:17,7.22
2025-03-25 19:04:42,7.66
2025-03-25 20:05:55,7.84
2025-03-25 21:05:15,7.52
2025-03-25 22:05:16,7.26
2025-03-25 23:05:11,6.78
2025-03-26 00:23:16,5.97
2025-03-26 01:33:04,3.04
2025-03-26 02:31:04,1.86
2025-03-26 03:15:49,0.85
2025-03-26 04:06:34,1.71
2025-03-26 05:06:04,0.11
2025-03-26 06:07:30,0.09
2025-03-26 07:05:47,0.43
2025-03-26 08:07:15,0.23
2025-03-26 09:05:47,0.24
2025-03-26 10:05:52,-0.69
2025-03-26 11:04:52,-1.02
2025-03-26 12:09:16,-1.05
2025-03-26 13:11:41,0.01
2025-03-26 14:06:04,2.88
2025-03-26 15:06:03,4.92
2025-03-26 16:06:57,6.92
2025-03-26 17:05:12,8.79
2025-03-26 18:07:25,9.55
2025-03-26 19:04:45,10.57
2025-03-26 20:05:43,10.14
2025-03-26 21:05:05,11
2025-03-26 22:05:07,11.09
2025-03-26 23:05:25,10.59
2025-03-27 00:23:09,9.4
2025-03-27 01:33:07,6.44
2025-03-27 02:31:38,6.35
2025-03-27 03:16:36,5.73
2025-03-27 04:06:35,5.19
2025-03-27 05:05:57,4.78
2025-03-27 06:07:25,4.53
2025-03-27 07:05:41,4.61
2025-03-27 08:07:16,4.47
2025-03-27 09:05:46,4.41
2025-03-27 10:05:45,4.38
2025-03-27 11:05:04,4.57
2025-03-27 12:09:06,5.28
2025-03-27 13:11:32,6.49
2025-03-27 14:05:39,7.42
2025-03-27 15:05:53,9.33
2025-03-27 16:06:39,10.56
2025-03-27 17:04:58,11.41
2025-03-27 18:07:03,11.79
2025-03-27 19:04:43,12.39
2025-03-27 20:05:53,13.04
2025-03-27 21:05:24,12.82
2025-03-27 22:05:05,12.38
2025-03-27 23:05:27,11.83
2025-03-28 00:23:29,10.88
2025-03-28 01:33:11,9.87
2025-03-28 02:31:41,9.8
2025-03-28 03:17:56,9.53
2025-03-28 04:06:24,9.19
2025-03-28 05:05:37,9.15
2025-03-28 06:07:35,9.2
2025-03-28 07:05:53,8.95
2025-03-28 08:07:37,8.83
2025-03-28 09:06:02,8.91
2025-03-28 10:05:53,8.8
2025-03-28 11:04:49,9.64
2025-03-28 12:09:02,9.14
2025-03-28 13:10:31,9.53
2025-03-28 14:05:39,11.38
2025-03-28 15:05:41,14.54
2025-03-28 16:06:24,14.64
2025-03-28 17:05:06,18.55
2025-03-28 18:07:25,21.68
2025-03-28 19:04:55,24.19
2025-03-28 20:05:51,24.08
2025-03-28 21:04:45,25.91
2025-03-28 22:05:14,25.95
2025-03-28 23:05:16,23.96
2025-03-29 00:23:09,24.42
2025-03-29 01:32:58,23.35
2025-03-29 02:30:22,22.22
2025-03-29 03:14:38,21.85
2025-03-29 04:06:20,20.8
2025-03-29 05:05:14,20.44
2025-03-29 06:06:34,19.68
2025-03-29 07:05:03,19.54
2025-03-29 08:06:15,18.79
2025-03-29 09:05:11,18.01
2025-03-29 10:05:10,17.44
2025-03-29 11:04:29,17.24
2025-03-29 12:07:56,17.35
2025-03-29 13:08:16,17.81
2025-03-29 14:04:54,18.74
2025-03-29 15:05:18,19.21
2025-03-29 16:05:22,18.42
2025-03-29 17:04:54,19.17
2025-03-29 18:06:05,20.3
2025-03-29 19:04:33,20.72
2025-03-29 20:05:11,20.63
2025-03-29 21:04:37,19.81
2025-03-29 22:04:38,18.92
2025-03-29 23:05:21,17.36
2025-03-30 00:26:05,16.41
2025-03-30 01:33:09,16.41
2025-03-30 02:34:11,15.98
2025-03-30 03:20:34,11.54
2025-03-30 04:06:17,11.02
2025-03-30 05:05:29,10.02
2025-03-30 06:06:49,5.19
2025-03-30 07:05:21,7.12
2025-03-30 08:06:19,14.21
2025-03-30 09:05:13,14.56
2025-03-30 10:05:16,16.38
2025-03-30 11:04:31,16.36
2025-03-30 12:08:03,16.57
2025-03-30 13:08:34,16.95
2025-03-30 14:04:38,17.46
2025-03-30 15:05:07,18.21
2025-03-30 16:05:27,19.64
2025-03-30 17:05:12,21.12
2025-03-30 18:06:14,22.02
2025-03-30 19:04:32,24.02
2025-03-30 20:05:26,18.01
2025-03-30 21:05:47,17.26
2025-03-30 22:04:46,17.73
2025-03-30 23:05:11,14.57
2025-03-31 00:25:31,12.78
2025-03-31 01:33:41,11.11
2025-03-31 02:33:47,9.26
2025-03-31 03:20:31,8.3
2025-03-31 04:06:52,7.73
2025-03-31 05:06:19,7.11
2025-03-31 06:08:00,5.95
2025-03-31 07:06:16,5.35
2025-03-31 08:07:53,4.02
2025-03-31 09:06:22,2.64
2025-03-31 10:06:24,2.53
2025-03-31 11:04:56,2.39
2025-03-31 12:09:12,1.78
2025-03-31 13:12:09,1.73
2025-03-31 14:05:41,1.85
2025-03-31 15:05:54,2.3
2025-03-31 16:06:30,2.52
2025-03-31 17:04:51,3.26
2025-03-31 18:07:17,4.04
2025-03-31 19:04:54,4.45
2025-03-31 20:06:20,5.37
2025-03-31 21:05:18,6.21
2025-03-31 22:05:44,5.95
2025-03-31 23:05:19,5.16
2025-04-01 00:27:12,3.05
2025-04-01 01:34:00,2.5
2025-04-01 02:35:25,2.1
2025-04-01 03:24:16,1.96
2025-04-01 04:07:22,2.14
2025-04-01 05:06:09,2.07
2025-04-01 06:07:56,2.04
2025-04-01 07:06:01,2.34
2025-04-01 08:07:34,2.09
2025-04-01 09:06:25,1.57
2025-04-01 10:06:18,1.37
2025-04-01 11:05:21,1.09
2025-04-01 12:09:26,1.34
2025-04-01 13:12:37,2.32
2025-04-01 14:05:43,2.98
2025-04-01 15:05:55,3.14
2025-04-01 16:06:03,3.44
2025-04-01 17:05:16,3.58
2025-04-01 18:06:30,3.55
2025-04-01 19:04:49,3.96
2025-04-01 20:06:11,4.79
2025-04-01 21:05:15,4.61
2025-04-01 22:05:36,4.17
2025-04-01 23:05:26,4.8
2025-04-02 00:24:03,6.29
2025-04-02 01:33:17,6.76
2025-04-02 02:32:13,6.73
2025-04-02 03:17:54,6.48
2025-04-02 04:06:29,6.33
2025-04-02 05:06:01,5.96
2025-04-02 06:07:49,5.14
2025-04-02 07:05:55,4.8
2025-04-02 08:07:29,4.74
2025-04-02 09:05:53,4.82
2025-04-02 10:05:55,4.38
2025-04-02 11:04:59,4.34
2025-04-02 12:09:16,5.03
2025-04-02 13:11:52,5.75
2025-04-02 14:05:41,5.31
2025-04-02 15:05:41,5.91
2025-04-02 16:06:37,6.39
2025-04-02 17:04:59,6.87
2025-04-02 18:07:13,7.89
2025-04-02 19:04:48,12.02
2025-04-02 20:07:37,12.02
2025-04-02 21:05:10,14.98
2025-04-02 22:05:14,18.14
2025-04-02 23:05:19,17.87
2025-04-03 00:23:25,20.14
2025-04-03 01:33:12,18.93
2025-04-03 02:31:37,17.97
2025-04-03 03:17:36,17.58
2025-04-03 04:06:31,17.53
2025-04-03 05:06:02,15.52
2025-04-03 06:07:24,13.85
2025-04-03 07:05:47,12.81
2025-04-03 08:07:22,11.67
2025-04-03 09:05:55,10.65
2025-04-03 10:06:30,9.74
2025-04-03 11:05:01,9.49
2025-04-03 12:09:16,9.05
2025-04-03 13:11:49,9.54
2025-04-03 14:05:55,9.71
2025-04-03 15:05:39,10.32
2025-04-03 16:06:31,10.29
2025-04-03 17:05:15,9.64
2025-04-03 18:07:21,8.75
2025-04-03 19:04:38,9.32
2025-04-03 20:05:54,9.24
2025-04-03 21:05:07,8.77
2025-04-03 22:05:16,8.98
2025-04-03 23:05:21,9.58
2025-04-04 00:23:39,8.67
2025-04-04 01:33:08,8.48
2025-04-04 02:31:44,7.66
2025-04-04 03:16:54,7.17
2025-04-04 04:06:29,6.31
2025-04-04 05:06:03,5.93
2025-04-04 06:07:19,5.82
2025-04-04 07:05:38,5.91
2025-04-04 08:07:22,5.47
2025-04-04 09:06:08,5.45
2025-04-04 10:05:46,5.01
2025-04-04 11:04:53,4.59
2025-04-04 12:09:06,5.27
2025-04-04 13:11:08,6.77
2025-04-04 14:05:28,7.94
2025-04-04 15:05:28,8.53
2025-04-04 16:06:11,8.22
2025-04-04 17:05:02,7.94
2025-04-04 18:07:03,7.48
2025-04-04 19:04:41,7.33
2025-04-04 20:06:10,7.49
2025-04-04 21:04:51,7.62
2025-04-04 22:05:14,7.33
2025-04-04 23:05:26,6.93
2025-04-05 00:23:07,6.47
2025-04-05 01:32:50,6.4
2025-04-05 02:30:28,6.5
2025-04-05 03:15:44,5.88
2025-04-05 04:06:17,5.25
2025-04-05 05:05:22,5.88
2025-04-05 06:06:55,5.81
2025-04-05 07:05:13,5.64
2025-04-05 08:06:14,5.4
2025-04-05 09:05:05,5.25
2025-04-05 10:05:11,4.68
2025-04-05 11:04:32,4.49
2025-04-05 12:07:55,4.57
2025-04-05 13:08:08,4.91
2025-04-05 14:04:39,5.59
2025-04-05 15:04:38,6.34
2025-04-05 16:05:26,8.52
2025-04-05 17:04:33,9.55
2025-04-05 18:06:08,9.87
2025-04-05 19:04:28,10.19
2025-04-05 20:05:18,10.73
2025-04-05 21:04:58,11.25
2025-04-05 22:04:38,11.15
2025-04-05 23:05:00,10.32
2025-04-06 00:25:40,9.16
2025-04-06 01:33:04,6.41
2025-04-06 02:32:56,5.82
2025-04-06 03:19:06,5.48
2025-04-06 04:06:12,5.23
2025-04-06 05:05:22,4.51
2025-04-06 06:06:59,4.41
2025-04-06 07:05:04,4.62
2025-04-06 08:06:28,4.38
2025-04-06 09:05:15,3.92
2025-04-06 10:05:28,3.77
2025-04-06 11:04:34,3.59
2025-04-06 12:07:47,3.24
2025-04-06 13:08:18,3.62
2025-04-06 14:04:33,5.07
2025-04-06 15:04:41,6.15
2025-04-06 16:05:27,6.64
2025-04-06 17:04:40,7.32
2025-04-06 18:06:17,7.63
2025-04-06 19:04:35,7.82
2025-04-06 20:05:22,7.7
2025-04-06 21:04:43,7.62
2025-04-06 22:04:44,7.53
2025-04-06 23:04:59,6.46
2025-04-07 00:24:46,5.79
2025-04-07 01:33:30,5.1
2025-04-07 02:33:07,5.01
2025-04-07 03:20:02,4.6
2025-04-07 04:06:48,4.6
2025-04-07 05:06:10,4.53
2025-04-07 06:07:56,4.3
2025-04-07 07:06:27,4.25
2025-04-07 08:07:54,4.14
2025-04-07 09:06:32,4.1
2025-04-07 10:06:50,4.59
2025-04-07 11:05:09,4.98
2025-04-07 12:09:17,5.63
2025-04-07 13:12:26,6.17
2025-04-07 14:05:44,5.34
2025-04-07 15:06:00,4.36
2025-04-07 16:06:22,2.43
2025-04-07 17:05:27,1.81
2025-04-07 18:07:14,1.94
2025-04-07 19:04:45,2.32
2025-04-07 20:05:46,2.87
2025-04-07 21:05:19,2.43
2025-04-07 22:05:44,2.01
2025-04-07 23:05:20,1.35
2025-04-08 00:23:25,0.6
2025-04-08 01:33:24,0.39
2025-04-08 02:31:53,0.23
2025-04-08 03:17:30,0.13
2025-04-08 04:06:44,0.12
2025-04-08 05:06:02,-0.01
2025-04-08 06:07:54,-0.26
2025-04-08 07:05:53,-0.47
2025-04-08 08:07:50,-0.65
2025-04-08 09:05:52,-1.37
2025-04-08 10:06:11,-2.24
2025-04-08 11:04:51,-2.69
2025-04-08 12:09:19,-3.3
2025-04-08 13:12:29,-1.59
2025-04-08 14:06:11,-0.1
2025-04-08 15:05:59,1.58
2025-04-08 16:06:36,2.26
2025-04-08 17:05:08,2.8
2025-04-08 18:06:37,3.3
2025-04-08 19:05:00,3.71
2025-04-08 20:05:32,3.9
2025-04-08 21:05:13,3.58
2025-04-08 22:05:13,3.48
2025-04-08 23:05:23,2.75
2025-04-09 00:23:49,2.2
2025-04-09 01:33:20,1.55
2025-04-09 02:32:33,1.61
2025-04-09 03:18:25,2
2025-04-09 04:06:44,2.37
2025-04-09 05:06:11,2.71
2025-04-09 06:07:45,2.7
2025-04-09 07:06:14,2.47
2025-04-09 08:07:42,1.96
2025-04-09 09:06:07,2.04
2025-04-09 10:07:35,2
2025-04-09 11:05:10,1.58
2025-04-09 12:09:17,2.11
2025-04-09 13:12:22,3.46
2025-04-09 14:06:30,4.34
2025-04-09 15:07:17,4.51
2025-04-09 16:06:37,4.52
2025-04-09 17:05:15,4.74
2025-04-09 18:07:29,5
2025-04-09 19:04:49,5.12
2025-04-09 20:05:57,5.32
2025-04-09 21:05:10,5.05
2025-04-09 22:05:19,4.98
2025-04-09 23:05:13,4.12
2025-04-10 00:23:42,3.61
2025-04-10 01:33:17,3.29
2025-04-10 02:31:59,3.3
2025-04-10 03:18:42,3.32
2025-04-10 04:06:52,3.49
2025-04-10 05:06:02,3.62
2025-04-10 06:07:38,3.63
2025-04-10 07:06:14,3.69
2025-04-10 08:07:22,3.75
2025-04-10 09:06:06,3.56
2025-04-10 10:06:11,3.49
2025-04-10 11:04:59,3.49
2025-04-10 12:09:13,3.51
2025-04-10 13:12:02,3.76
2025-04-10 14:05:51,4.17
2025-04-10 15:06:10,4.62
2025-04-10 16:06:33,4.49
2025-04-10 17:05:08,4.74
2025-04-10 18:07:16,4.87
2025-04-10 19:04:43,5.23
2025-04-10 20:05:48,5.08
2025-04-10 21:05:25,4.94
2025-04-10 22:05:32,4.46
2025-04-10 23:05:32,4.29
2025-04-11 00:24:11,4.08
2025-04-11 01:33:22,4.31
2025-04-11 02:32:21,4.18
2025-04-11 03:18:35,4.23
2025-04-11 04:07:04,3.98
2025-04-11 05:06:09,3.96
2025-04-11 06:07:39,4.14
2025-04-11 07:05:45,4.11
2025-04-11 08:07:28,3.7
2025-04-11 09:05:45,3.31
2025-04-11 10:06:03,2.82
2025-04-11 11:04:56,2.78
2025-04-11 12:09:28,3.33
2025-04-11 13:11:33,3.96
2025-04-11 14:05:28,5.88
2025-04-11 15:05:58,7.4
2025-04-11 16:06:21,7.87
2025-04-11 17:05:11,8.41
2025-04-11 18:07:40,8.96
2025-04-11 19:04:44,9.43
2025-04-11 20:05:58,9.66
2025-04-11 21:05:08,9.67
2025-04-11 22:05:17,9.73
2025-04-11 23:05:15,9.63
2025-04-12 00:23:18,8.12
2025-04-12 01:32:46,7.16
2025-04-12 02:31:04,6.7
2025-04-12 03:16:13,5.83
2025-04-12 04:06:22,5.35
2025-04-12 05:05:28,5.13
2025-04-12 06:06:49,4.93
2025-04-12 07:05:22,4.04
2025-04-12 08:06:23,4.03
2025-04-12 09:05:17,3.37
2025-04-12 10:04:55,3.04
2025-04-12 11:04:36,2.7
2025-04-12 12:07:47,3.21
2025-04-12 13:08:21,5.95
2025-04-12 14:04:43,9.37
2025-04-12 15:04:50,11.65
2025-04-12 16:05:32,12.92
2025-04-12 17:04:42,13.67
2025-04-12 18:06:25,14.64
2025-04-12 19:04:32,14.41
2025-04-12 20:05:20,14.48
2025-04-12 21:04:56,14.14
2025-04-12 22:04:54,13.62
2025-04-12 23:05:17,12.8
2025-04-13 00:49:23,11.59
2025-04-13 01:51:40,11.42
2025-04-13 03:02:29,11.17
2025-04-13 04:31:52,12.12
2025-04-13 05:10:22,12.29
2025-04-13 06:07:00,12.17
2025-04-13 07:05:12,11.92
2025-04-13 08:06:26,11.45
2025-04-13 09:05:24,11.45
2025-04-13 10:05:26,11.25
2025-04-13 11:04:32,11.04
2025-04-13 12:08:16,11.09
2025-04-13 13:09:10,11.5
2025-04-13 14:05:01,12.44
2025-04-13 15:04:43,14.02
2025-04-13 16:05:26,14.1
2025-04-13 17:04:44,15.82
2025-04-13 18:06:22,16.48
2025-04-13 19:04:46,16.19
2025-04-13 20:05:23,16.14
2025-04-13 21:04:54,16.39
2025-04-13 22:05:00,16.68
2025-04-13 23:05:23,17.41
2025-04-14 00:25:37,17.12
2025-04-14 01:33:47,15.77
2025-04-14 02:33:54,15.4
2025-04-14 03:21:06,15.14
2025-04-14 04:07:01,15.13
2025-04-14 05:06:20,14.92
2025-04-14 06:08:12,14.59
2025-04-14 07:06:23,14.35
2025-04-14 08:07:42,13.69
2025-04-14 09:06:35,13.41
2025-04-14 10:06:37,13.22
2025-04-14 11:05:13,13.86
2025-04-14 12:09:26,14.03
2025-04-14 13:13:02,14.81
2025-04-14 14:05:43,15.72
2025-04-14 15:05:57,16.05
2025-04-14 16:06:39,16.71
2025-04-14 17:05:07,16.77
2025-04-14 18:07:32,16.93
2025-04-14 19:04:50,17.27
2025-04-14 20:06:20,17.89
2025-04-14 21:05:29,17.93
2025-04-14 22:05:12,17.7
2025-04-14 23:05:22,16.59
2025-04-15 00:24:34,15.39
2025-04-15 01:33:32,14.22
2025-04-15 02:33:19,12.93
2025-04-15 03:21:02,12.14
2025-04-15 04:06:51,11.5
2025-04-15 05:05:55,10.68
2025-04-15 06:07:52,9.63
2025-04-15 07:06:25,8.58
2025-04-15 08:07:41,7.27
2025-04-15 09:06:24,6.98
2025-04-15 10:06:22,6.84
2025-04-15 11:05:11,5.1
2025-04-15 12:09:19,4.24
2025-04-15 13:12:23,4.48
2025-04-15 14:05:58,5.05
2025-04-15 15:05:09,5.89
2025-04-15 16:05:47,7.41
2025-04-15 17:05:24,8.81
2025-04-15 18:06:33,10.57
2025-04-15 19:04:42,10.63
2025-04-15 20:06:04,12.16
2025-04-15 21:05:21,11.96
2025-04-15 22:05:19,12.53
2025-04-15 23:05:31,12.21
2025-04-16 00:24:26,11.39
2025-04-16 01:33:52,10.7
2025-04-16 02:33:09,9.74
2025-04-16 03:20:22,8.77
2025-04-16 04:06:49,8.23
2025-04-16 05:06:13,6.76
2025-04-16 06:07:56,4.99
2025-04-16 07:05:58,4.24
2025-04-16 08:07:35,3.97
2025-04-16 09:06:28,3.37
2025-04-16 10:06:04,2.89
2025-04-16 11:04:54,2.72
2025-04-16 12:09:24,2.41
2025-04-16 13:12:38,3.86
2025-04-16 14:06:19,5.07
2025-04-16 15:06:01,5.56
2025-04-16 16:07:16,6.63
2025-04-16 17:05:16,7.19
2025-04-16 18:07:27,7.56
2025-04-16 19:04:45,7.63
2025-04-16 20:06:25,7.48
2025-04-16 21:05:10,7.25
2025-04-16 22:05:21,6.27
2025-04-16 23:05:17,5.99
2025-04-17 00:23:54,4.73
2025-04-17 01:33:25,4.25
2025-04-17 02:32:36,4.21
2025-04-17 03:20:07,4.34
2025-04-17 04:06:56,4.42
2025-04-17 05:06:09,4.35
2025-04-17 06:07:50,4.32
2025-04-17 07:06:31,4.46
2025-04-17 08:07:35,5.39
2025-04-17 09:06:05,5.57
2025-04-17 10:05:54,5.88
2025-04-17 11:04:58,6.46
2025-04-17 12:09:09,7.31
2025-04-17 13:11:58,10.25
2025-04-17 14:05:38,11.5
2025-04-17 15:05:45,14.21
2025-04-17 16:06:20,15.57
2025-04-17 17:04:50,16.75
2025-04-17 18:07:13,17.23
2025-04-17 19:04:40,17.86
2025-04-17 20:05:50,18.07
2025-04-17 21:05:33,17.62
2025-04-17 22:05:11,12.93
2025-04-17 23:05:20,13.36
2025-04-18 00:23:39,13.75
2025-04-18 01:33:29,14.32
2025-04-18 02:31:45,14.47
2025-04-18 03:18:11,14.53
2025-04-18 04:06:45,14.83
2025-04-18 05:06:01,14.88
2025-04-18 06:07:38,16.13
2025-04-18 07:05:39,17.01
2025-04-18 08:07:11,16.58
2025-04-18 09:06:03,16.66
2025-04-18 10:05:46,16.73
2025-04-18 11:04:49,16.68
2025-04-18 12:08:53,17.16
2025-04-18 13:10:21,17.92
2025-04-18 14:05:08,19.43
2025-04-18 15:05:22,20.84
2025-04-18 16:06:09,21.67
2025-04-18 17:04:56,23.27
2025-04-18 18:07:08,24.77
2025-04-18 19:04:36,24.53
2025-04-18 20:05:55,24.54
2025-04-18 21:05:09,24.41
2025-04-18 22:05:19,24.4
2025-04-18 23:05:22,23.8
2025-04-19 00:23:04,23.25
2025-04-19 01:32:58,22.92
2025-04-19 02:30:07,22.76
2025-04-19 03:15:00,22.54
2025-04-19 04:06:08,19.85
2025-04-19 05:05:27,17.83
2025-04-19 06:06:55,16.27
2025-04-19 07:05:00,15.13
2025-04-19 08:06:16,14.16
2025-04-19 09:05:13,13.4
2025-04-19 10:05:21,7.46
2025-04-19 11:04:35,6.75
2025-04-19 12:07:50,6.32
2025-04-19 13:08:30,6.2
2025-04-19 14:04:42,6.39
2025-04-19 15:04:54,7.1
2025-04-19 16:05:22,7.44
2025-04-19 17:04:34,8.45
2025-04-19 18:06:06,9.36
2025-04-19 19:04:43,11.54
2025-04-19 20:05:29,11.78
2025-04-19 21:04:50,12.16
2025-04-19 22:04:37,12.93
2025-04-19 23:05:01,13.72
2025-04-20 00:26:31,11.99
2025-04-20 01:33:22,9.96
2025-04-20 02:34:11,9.97
2025-04-20 03:20:34,9.51
2025-04-20 04:06:09,9.12
2025-04-20 05:05:21,8.75
2025-04-20 06:06:57,8.67
2025-04-20 07:05:24,8.88
2025-04-20 08:06:15,8.77
2025-04-20 09:04:59,9.03
2025-04-20 10:05:26,8.61
2025-04-20 11:04:55,8.52
2025-04-20 12:07:59,8.96
2025-04-20 13:09:40,9.55
2025-04-20 14:04:42,9.7
2025-04-20 15:04:56,10.34
2025-04-20 16:05:24,10.32
2025-04-20 17:04:37,10.67
2025-04-20 18:06:17,9.8
2025-04-20 19:04:29,9.98
2025-04-20 20:05:35,12.02
2025-04-20 21:04:48,12.02
2025-04-20 22:05:10,13.07
2025-04-20 23:05:03,12.32
2025-04-21 00:25:40,14.02
2025-04-21 01:34:07,14.06
2025-04-21 02:34:56,14.04
2025-04-21 03:22:28,13.85
2025-04-21 04:07:18,13.78
2025-04-21 05:06:12,12.66
2025-04-21 06:07:55,13.48
2025-04-21 07:06:11,13.82
2025-04-21 08:07:56,15.65
2025-04-21 09:06:26,15.09
2025-04-21 10:06:06,14.36
2025-04-21 11:05:09,14.1
2025-04-21 12:08:56,13.19
2025-04-21 13:11:17,11.53
2025-04-21 14:05:35,10.07
2025-04-21 15:05:33,9.4
2025-04-21 16:06:14,9.44
2025-04-21 17:05:13,9.87
2025-04-21 18:07:12,11.05
2025-04-21 19:04:40,11.58
2025-04-21 20:06:07,12.5
2025-04-21 21:05:21,12.81
2025-04-21 22:05:38,12.89
2025-04-21 23:05:26,13.22
2025-04-22 00:24:01,12.73
2025-04-22 01:33:43,12.24
2025-04-22 02:32:44,11.46
2025-04-22 03:19:58,10.56
2025-04-22 04:06:31,9.72
2025-04-22 05:06:18,8.59
2025-04-22 06:07:53,8.5
2025-04-22 07:06:05,8.12
2025-04-22 08:07:39,7.63
2025-04-22 09:06:17,6.95
2025-04-22 10:06:09,6.91
2025-04-22 11:04:57,6.54
2025-04-22 12:09:14,7.59
2025-04-22 13:12:24,11.06
2025-04-22 14:05:46,12.15
2025-04-22 15:05:44,13.72
2025-04-22 16:06:35,13.2
2025-04-22 17:05:32,16.05
2025-04-22 18:07:18,18.88
2025-04-22 19:04:42,19.93
2025-04-22 20:05:58,19.26
2025-04-22 21:05:14,22.08
2025-04-22 22:05:25,22.57
2025-04-22 23:05:19,23.02
2025-04-23 00:24:07,23.02
2025-04-23 01:33:42,22.02
2025-04-23 02:33:06,21.02
2025-04-23 03:20:13,19.03
2025-04-23 04:06:46,16.45
2025-04-23 05:06:06,14.09
2025-04-23 06:07:52,14.81
2025-04-23 07:06:23,14.74
2025-04-23 08:07:35,14.16
2025-04-23 09:06:47,12.79
2025-04-23 10:05:59,12.26
2025-04-23 11:05:25,13.77
2025-04-23 12:09:20,14.09
2025-04-23 13:13:01,14.26
2025-04-23 14:05:54,15.3
2025-04-23 15:05:58,16.99
2025-04-23 16:06:55,18.65
2025-04-23 17:05:39,19.07
2025-04-23 18:07:40,20.3
2025-04-23 19:05:00,22.31
2025-04-23 20:06:11,23
2025-04-23 21:05:23,23.67
2025-04-23 22:05:21,23.96
2025-04-23 23:05:37,23.67
2025-04-24 00:24:08,20.81
2025-04-24 01:33:31,17.69
2025-04-24 02:33:43,16.6
2025-04-24 03:20:47,16.11
2025-04-24 04:06:59,15.25
2025-04-24 05:06:10,14.48
2025-04-24 06:07:56,14.85
2025-04-24 07:06:03,14.22
2025-04-24 08:07:34,13.55
2025-04-24 09:06:21,13.35
2025-04-24 10:05:58,13.66
2025-04-24 11:05:14,12.79
2025-04-24 12:09:31,13.36
2025-04-24 13:12:59,16.93
2025-04-24 14:05:07,17.97
2025-04-24 15:06:02,18.42
2025-04-24 16:06:46,20.82
2025-04-24 17:05:08,22.4
2025-04-24 18:06:49,18.84
2025-04-24 19:04:50,18.13
2025-04-24 20:06:01,17.04
2025-04-24 21:05:20,16.55
2025-04-24 22:05:22,15.12
2025-04-24 23:05:28,12.81
2025-04-25 00:24:51,10.45
2025-04-25 01:33:37,9.8
2025-04-25 02:33:31,9.71
2025-04-25 03:20:42,9.95
2025-04-25 04:06:51,9.75
2025-04-25 05:06:05,9.68
2025-04-25 06:07:51,9.93
2025-04-25 07:06:00,9.65
2025-04-25 08:07:37,9.29
2025-04-25 09:05:58,9.02
2025-04-25 10:06:03,8.47
2025-04-25 11:04:57,8.17
2025-04-25 12:09:06,8.29
2025-04-25 13:12:15,9.86
2025-04-25 14:05:32,11.5
2025-04-25 15:05:33,12.26
2025-04-25 16:06:31,13.17
2025-04-25 17:05:10,11.9
2025-04-25 18:07:14,8.75
2025-04-25 19:04:46,9.02
2025-04-25 20:06:20,7.39
2025-04-25 21:05:12,9.55
2025-04-25 22:05:22,10.48
2025-04-25 23:05:27,10.22
2025-04-26 00:23:36,9.69
2025-04-26 01:33:01,8.58
2025-04-26 02:31:26,8.77
2025-04-26 03:17:17,8.27
2025-04-26 04:06:12,7.77
2025-04-26 05:05:19,7.37
2025-04-26 06:06:58,7.59
2025-04-26 07:05:07,7.42
2025-04-26 08:06:22,7.49
2025-04-26 09:05:12,7.31
2025-04-26 10:05:01,7.2
2025-04-26 11:04:39,7.19
2025-04-26 12:08:00,7.34
2025-04-26 13:09:05,7.48
2025-04-26 14:04:53,7.86
2025-04-26 15:04:59,7.65
2025-04-26 16:05:24,8.77
2025-04-26 17:04:43,9.57
2025-04-26 18:06:18,9.95
2025-04-26 19:04:45,10.16
2025-04-26 20:05:33,10.43
2025-04-26 21:04:37,10.43
2025-04-26 22:04:57,10.13
2025-04-26 23:05:16,9.71
2025-04-27 00:26:31,8.08
2025-04-27 01:33:19,7.49
2025-04-27 02:34:23,7.28
2025-04-27 03:20:54,7.02
2025-04-27 04:06:19,6.43
2025-04-27 05:05:32,6.46
2025-04-27 06:06:58,5.5
2025-04-27 07:05:10,5.89
2025-04-27 08:06:29,5.37
2025-04-27 09:05:11,5.46
2025-04-27 10:05:09,5.11
2025-04-27 11:04:54,5.46
2025-04-27 12:08:06,5.83
2025-04-27 13:09:21,8.46
2025-04-27 14:04:49,10.39
2025-04-27 15:05:08,12.29
2025-04-27 16:05:31,13.83
2025-04-27 17:05:05,15.48
2025-04-27 18:06:22,16.5
2025-04-27 19:04:58,18.17
2025-04-27 20:05:37,19.38
2025-04-27 21:04:56,18.16
2025-04-27 22:05:08,18.31
2025-04-27 23:05:22,17.02
2025-04-28 00:25:41,15.66
2025-04-28 01:34:07,13.19
2025-04-28 02:34:52,12.46
2025-04-28 03:22:39,12.64
2025-04-28 04:07:15,12.61
2025-04-28 05:07:46,12.79
2025-04-28 06:13:30,13.23
2025-04-28 07:18:04,12.97
2025-04-28 08:21:20,12.65
2025-04-28 09:42:26,12.57
2025-04-28 10:39:00,12.52
2025-04-28 11:21:28,12.67
2025-04-28 12:09:21,13.83
2025-04-28 13:19:50,15.82
2025-04-28 14:06:22,17.6
2025-04-28 15:06:05,19.3
2025-04-28 16:06:25,21.83
2025-04-28 17:05:15,22.51
2025-04-28 18:07:52,24.19
2025-04-28 19:05:18,25.4
2025-04-28 20:05:47,26.78
2025-04-28 21:05:11,28.82
2025-04-28 22:05:38,29.06
2025-04-28 23:05:29,28.71
2025-04-29 00:24:41,27.32
2025-04-29 01:33:46,26.2
2025-04-29 02:33:35,25.69
2025-04-29 03:20:45,25.25
2025-04-29 04:06:49,25.07
2025-04-29 05:06:19,24.87
2025-04-29 06:08:18,24.69
2025-04-29 07:06:29,24.6
2025-04-29 08:08:05,24.61
2025-04-29 09:06:27,24.17
2025-04-29 10:06:18,23.53
2025-04-29 11:05:05,23.14
2025-04-29 12:09:59,22.99
2025-04-29 13:15:05,23.48
2025-04-29 14:06:07,23.47
2025-04-29 15:05:49,20.12
2025-04-29 16:06:45,23.02
2025-04-29 17:05:16,19.14
2025-04-29 18:07:33,19.41
2025-04-29 19:04:43,19.3
2025-04-29 20:06:32,18.1
2025-04-29 21:05:24,18
2025-04-29 22:05:20,18.35
2025-04-29 23:05:17,18.6
2025-04-30 00:24:43,15.98
2025-04-30 01:33:33,12.45
2025-04-30 02:33:37,11.72
2025-04-30 03:20:45,10.97
2025-04-30 04:06:47,10.41
2025-04-30 05:06:04,10.29
2025-04-30 06:08:00,9.91
2025-04-30 07:06:04,9.68
2025-04-30 08:07:28,8.65
2025-04-30 09:06:23,8.1
2025-04-30 10:06:03,7.35
2025-04-30 11:05:00,6.83
2025-04-30 12:09:16,7.8
2025-04-30 13:12:11,9.57
2025-04-30 14:05:43,11.03
2025-04-30 15:06:00,12.45
2025-04-30 16:06:36,12.67
2025-04-30 17:05:16,13.05
2025-04-30 18:07:25,13.47
2025-04-30 19:04:43,14.55
2025-04-30 20:05:58,12.83
2025-04-30 21:05:31,12.41
2025-04-30 22:05:31,12.44
2025-04-30 23:05:39,12.82
2025-05-01 00:27:33,12.78
2025-05-01 01:34:13,12.6
2025-05-01 02:36:36,13.03
2025-05-01 03:26:28,13.08
2025-05-01 04:09:36,13.1
2025-05-01 05:06:18,12.55
2025-05-01 06:08:18,11.88
2025-05-01 07:06:21,11.04
2025-05-01 08:07:17,10.79
2025-05-01 09:06:15,10.69
2025-05-01 10:06:20,10.28
2025-05-01 11:05:08,10.34
2025-05-01 12:09:04,10.14
2025-05-01 13:11:26,10.37
2025-05-01 14:05:28,12.78
2025-05-01 15:05:29,14.4
2025-05-01 16:06:48,17.91
2025-05-01 17:05:09,19.66
2025-05-01 18:07:20,20.48
2025-05-01 19:04:38,20.82
2025-05-01 20:06:21,19.59
2025-05-01 21:05:27,18.36
2025-05-01 22:05:28,17.48
2025-05-01 23:05:42,17.19
2025-05-02 00:24:45,16.44
2025-05-02 01:33:37,16.26
2025-05-02 02:33:54,15.82
2025-05-02 03:22:30,15.5
2025-05-02 04:06:49,15.39
2025-05-02 05:06:21,14.6
2025-05-02 06:07:56,14.26
2025-05-02 07:06:03,13.62
2025-05-02 08:07:44,13.31
2025-05-02 09:06:12,10.19
2025-05-02 10:05:46,9.31
2025-05-02 11:05:19,8.23
2025-05-02 12:09:21,7.69
2025-05-02 13:12:05,7.25
2025-05-02 14:05:29,7.25
2025-05-02 15:05:34,7.77
2025-05-02 16:06:33,8.5
2025-05-02 17:05:15,8.9
2025-05-02 18:07:26,9.57
2025-05-02 19:04:52,10.68
2025-05-02 20:06:11,10.72
2025-05-02 21:05:26,11.02
2025-05-02 22:05:26,10.61
2025-05-02 23:05:31,10.34
2025-05-03 00:23:43,8.76
2025-05-03 01:33:17,8.19
2025-05-03 02:32:22,8.07
2025-05-03 03:20:09,7.99
2025-05-03 04:06:19,7.96
2025-05-03 05:05:40,7.97
2025-05-03 06:06:59,7.87
2025-05-03 07:05:21,8.02
2025-05-03 08:06:23,7.42
2025-05-03 09:05:09,7.07
2025-05-03 10:05:16,6.8
2025-05-03 11:04:32,6.67
2025-05-03 12:08:12,7.2
2025-05-03 13:09:34,7.75
2025-05-03 14:04:44,8.49
2025-05-03 15:04:59,9.45
2025-05-03 16:05:42,8.79
2025-05-03 17:04:43,9.13
2025-05-03 18:06:38,9.47
2025-05-03 19:04:30,9.21
2025-05-03 20:05:27,9.05
2025-05-03 21:04:42,9.65
2025-05-03 22:05:15,10.16
2025-05-03 23:05:12,10.25
2025-05-04 00:27:36,8.85
2025-05-04 01:33:49,7.87
2025-05-04 02:36:48,7.45
2025-05-04 03:25:38,7.49
2025-05-04 04:08:04,7.44
2025-05-04 05:05:40,7.44
2025-05-04 06:07:11,7.35
2025-05-04 07:05:26,7.44
2025-05-04 08:06:51,7.3
2025-05-04 09:05:25,7.24
2025-05-04 10:05:23,7.2
2025-05-04 11:04:38,7.04
2025-05-04 12:08:21,7.15
2025-05-04 13:09:58,7.3
2025-05-04 14:04:45,8.19
2025-05-04 15:05:15,9.88
2025-05-04 16:05:55,11.35
2025-05-04 17:04:53,11.03
2025-05-04 18:06:27,11.35
2025-05-04 19:04:37,12.19
2025-05-04 20:05:35,11.76
2025-05-04 21:04:50,10.08
2025-05-04 22:05:15,8.34
2025-05-04 23:05:17,8.08
2025-05-05 00:26:34,7.37
2025-05-05 01:34:11,7.74
2025-05-05 02:35:47,7.86
2025-05-05 03:23:51,8.6
2025-05-05 04:07:57,8.69
2025-05-05 05:06:24,9.31
2025-05-05 06:08:25,8.92
2025-05-05 07:06:32,8.76
2025-05-05 08:08:22,8.94
2025-05-05 09:06:30,8.85
2025-05-05 10:06:35,8.5
2025-05-05 11:05:18,8.35
2025-05-05 12:09:20,8.84
2025-05-05 13:13:16,9.03
2025-05-05 14:05:48,9.25
2025-05-05 15:05:55,10.14
2025-05-05 16:06:55,10.62
2025-05-05 17:05:23,11.75
2025-05-05 18:06:28,12.72
2025-05-05 19:04:43,14.08
2025-05-05 20:06:09,14.01
2025-05-05 21:05:22,13.78
2025-05-05 22:05:33,14.3
2025-05-05 23:05:26,14.39
2025-05-06 00:24:56,12.9
2025-05-06 01:33:49,11.71
2025-05-06 02:34:16,10.84
2025-05-06 03:21:48,10.08
2025-05-06 04:06:50,9.55
2025-05-06 05:06:07,9.05
2025-05-06 06:08:01,8.77
2025-05-06 07:06:22,7.9
2025-05-06 08:07:58,8.37
2025-05-06 09:06:21,8.16
2025-05-06 10:06:01,8.05
2025-05-06 11:05:24,8.26
2025-05-06 12:10:27,9.52
2025-05-06 13:14:31,12.9
2025-05-06 14:05:53,15.31
2025-05-06 15:07:12,17.48
2025-05-06 16:06:42,19.73
2025-05-06 17:05:15,21.04
2025-05-06 18:07:33,22.19
2025-05-06 19:04:56,22.79
2025-05-06 20:06:08,23.8
2025-05-06 21:05:36,23.52
2025-05-06 22:05:22,24.48
2025-05-06 23:05:31,22.53
2025-05-07 00:25:02,19.62
2025-05-07 01:33:55,17.86
2025-05-07 02:34:50,16.64
2025-05-07 03:22:37,15.93
2025-05-07 04:06:58,15.31
2025-05-07 05:06:14,14.46
2025-05-07 06:08:12,13.34
2025-05-07 07:06:06,12.66
2025-05-07 08:08:11,12.3
2025-05-07 09:06:37,11.58
2025-05-07 10:06:41,11.71
2025-05-07 11:05:32,11.74
2025-05-07 12:09:52,13.47
2025-05-07 13:15:08,16.43
2025-05-07 14:06:11,18.63
2025-05-07 15:06:09,20.86
2025-05-07 16:06:48,22.87
2025-05-07 17:05:19,16.06
2025-05-07 18:07:53,15.03
2025-05-07 19:04:56,13.44
2025-05-07 20:06:33,12.83
2025-05-07 21:05:32,11.41
2025-05-07 22:05:37,11.56
2025-05-07 23:05:35,11.1
2025-05-08 00:25:07,9.82
2025-05-08 01:33:41,9.05
2025-05-08 02:34:45,8.93
2025-05-08 03:23:29,8.47
2025-05-08 04:07:44,8.46
2025-05-08 05:06:16,8.58
2025-05-08 06:08:08,8.42
2025-05-08 07:06:28,8.35
2025-05-08 08:07:40,8.31
2025-05-08 09:06:22,7.82
2025-05-08 10:06:05,8.22
2025-05-08 11:05:11,8.32
2025-05-08 12:09:29,8.87
2025-05-08 13:13:42,8.93
2025-05-08 14:05:52,9.8
2025-05-08 15:05:57,10.65
2025-05-08 16:06:50,11.29
2025-05-08 17:05:06,11.96
2025-05-08 18:07:31,12.22
2025-05-08 19:04:53,12.4
2025-05-08 20:06:17,12.37
2025-05-08 21:05:32,11.91
2025-05-08 22:05:29,10.22
2025-05-08 23:06:00,10.09
2025-05-09 00:25:07,8.95
2025-05-09 01:33:47,7.41
2025-05-09 02:34:29,7.11
2025-05-09 03:22:54,6.81
2025-05-09 04:07:17,6.6
2025-05-09 05:06:17,6.49
2025-05-09 06:08:29,5.95
2025-05-09 07:05:52,5.75
2025-05-09 08:07:38,5.9
2025-05-09 09:06:15,5.75
2025-05-09 10:05:53,5.56
2025-05-09 11:05:21,5.65
2025-05-09 12:09:10,6.44
2025-05-09 13:12:50,8.73
2025-05-09 14:05:39,9.84
2025-05-09 15:05:41,10.66
2025-05-09 16:06:37,12.3
2025-05-09 17:05:29,12.34
2025-05-09 18:07:14,14.29
2025-05-09 19:04:45,14.69
2025-05-09 20:06:08,16.79
2025-05-09 21:05:14,16.75
2025-05-09 22:05:20,15.59
2025-05-09 23:05:16,15.83
2025-05-10 00:23:47,16
2025-05-10 01:33:10,13.74
2025-05-10 02:32:26,12.07
2025-05-10 03:20:32,11.22
2025-05-10 04:06:13,11.11
2025-05-10 05:05:48,10.98
2025-05-10 06:06:48,10.54
2025-05-10 07:05:12,9.97
2025-05-10 08:06:25,9.7
2025-05-10 09:05:13,10.38
2025-05-10 10:05:26,10.71
2025-05-10 11:05:04,11.01
2025-05-10 12:08:07,12.55
2025-05-10 13:09:48,16.51
2025-05-10 14:04:58,19.85
2025-05-10 15:05:08,22.58
2025-05-10 16:05:34,13.73
2025-05-10 17:04:45,12.63
2025-05-10 18:06:13,13.29
2025-05-10 19:04:35,13.91
2025-05-10 20:05:33,13.56
2025-05-10 21:04:44,13.6
2025-05-10 22:04:46,13.45
2025-05-10 23:05:09,13.57
2025-05-11 00:27:08,13.1
2025-05-11 01:33:36,11.59
2025-05-11 02:35:31,10.07
2025-05-11 03:24:17,9.11
2025-05-11 04:07:35,8.81
2025-05-11 05:05:28,8.45
2025-05-11 06:07:07,8.11
2025-05-11 07:05:20,7.77
2025-05-11 08:06:33,7.68
2025-05-11 09:05:40,7.15
2025-05-11 10:05:21,7.09
2025-05-11 11:04:35,6.9
2025-05-11 12:08:24,9.36
2025-05-11 13:09:51,11.54
2025-05-11 14:05:08,13.16
2025-05-11 15:05:05,14.41
2025-05-11 16:05:31,16
2025-05-11 17:04:56,17.44
2025-05-11 18:06:36,17.82
2025-05-11 19:04:41,18.7
2025-05-11 20:05:37,18.71
2025-05-11 21:04:39,18.66
2025-05-11 22:05:07,18.8
2025-05-11 23:05:12,18.18
2025-05-12 00:26:57,17.44
2025-05-12 01:34:34,15.63
2025-05-12 02:35:42,14.01
2025-05-12 03:24:49,13.43
2025-05-12 04:08:40,12.98
2025-05-12 05:06:25,11.95
2025-05-12 06:08:18,11.34
2025-05-12 07:06:31,11.6
2025-05-12 08:08:16,11.41
2025-05-12 09:06:45,11.57
2025-05-12 10:06:37,11.27
2025-05-12 11:05:27,11.51
2025-05-12 12:09:54,13.04
2025-05-12 13:14:39,15.87
2025-05-12 14:06:19,17.95
2025-05-12 15:06:08,20.08
2025-05-12 16:06:49,20.86
2025-05-12 17:05:27,19.59
2025-05-12 18:07:33,21.47
2025-05-12 19:04:56,20.41
2025-05-12 20:06:30,22.01
2025-05-12 21:05:24,21.92
2025-05-12 22:05:30,21.34
2025-05-12 23:05:32,18.27
2025-05-13 00:25:05,16.92
2025-05-13 01:33:45,15.85
2025-05-13 02:35:10,16.84
2025-05-13 03:24:01,17.07
2025-05-13 04:07:37,17.12
2025-05-13 05:06:17,16.85
2025-05-13 06:08:03,17.34
2025-05-13 07:06:26,17.38
2025-05-13 08:07:57,17.49
2025-05-13 09:06:14,17.54
2025-05-13 10:06:44,17.07
2025-05-13 11:05:29,15.76
2025-05-13 12:09:41,17.26
2025-05-13 13:14:42,18.59
2025-05-13 14:05:57,19.59
2025-05-13 15:05:02,20.24
2025-05-13 16:06:42,20.49
2025-05-13 17:05:22,22.75
2025-05-13 18:07:40,23.01
2025-05-13 19:04:55,24.07
2025-05-13 20:06:40,22.69
2025-05-13 21:05:16,22.1
2025-05-13 22:05:41,20.54
2025-05-13 23:05:33,19.76
2025-05-14 00:25:12,18.71
2025-05-14 01:33:51,17.5
2025-05-14 02:34:36,16.59
2025-05-14 03:22:57,15.68
2025-05-14 04:07:15,15.3
2025-05-14 05:06:10,15.03
2025-05-14 06:08:06,14.45
2025-05-14 07:06:28,13.87
2025-05-14 08:07:39,13.58
2025-05-14 09:06:24,13.65
2025-05-14 10:06:33,13.99
2025-05-14 11:05:22,14.34
2025-05-14 12:09:33,14.08
2025-05-14 13:13:59,14.93
2025-05-14 14:05:54,17.88
2025-05-14 15:05:59,19.81
2025-05-14 16:06:31,21.19
2025-05-14 17:05:22,21.54
2025-05-14 18:07:33,22.17
2025-05-14 19:04:47,23.28
2025-05-14 20:05:31,23.69
2025-05-14 21:04:52,22.93
2025-05-14 22:04:36,22.02
2025-05-14 23:04:48,20.7
2025-05-15 00:24:10,19.85
2025-05-15 01:33:49,16.8
2025-05-15 02:34:28,15.13
2025-05-15 03:23:00,14.74
2025-05-15 04:07:28,15.02
2025-05-15 05:06:09,15.11
2025-05-15 06:08:14,14.89
2025-05-15 07:06:19,14.49
2025-05-15 08:07:47,14.45
2025-05-15 09:06:23,14.3
2025-05-15 10:06:37,14.03
2025-05-15 11:05:27,14.42
2025-05-15 12:09:30,16.33
2025-05-15 13:13:05,18.22
2025-05-15 14:05:47,21.68
2025-05-15 15:06:02,24.72
2025-05-15 16:06:48,27.55
2025-05-15 17:05:12,27.58
2025-05-15 18:07:27,29.72
2025-05-15 19:04:45,30.77
2025-05-15 20:06:42,30.79
2025-05-15 21:05:16,32.65
2025-05-15 22:05:19,33.08
2025-05-15 23:05:40,32.92
2025-05-16 00:25:24,28.73
2025-05-16 01:33:45,24.3
2025-05-16 02:35:12,24.89
2025-05-16 03:24:12,24.67
2025-05-16 04:08:15,23.64
2025-05-16 05:06:17,22.79
2025-05-16 06:08:04,21.71
2025-05-16 07:06:09,19.8
2025-05-16 08:07:37,17.91
2025-05-16 09:06:10,17.27
2025-05-16 10:06:07,17.63
2025-05-16 11:05:02,17.79
2025-05-16 12:09:56,19.81
2025-05-16 13:13:27,21.97
2025-05-16 14:05:43,24.13
2025-05-16 15:05:39,25
2025-05-16 16:06:27,27.56
2025-05-16 17:04:45,28.28
2025-05-16 18:07:32,28.87
2025-05-16 19:04:41,29.27
2025-05-16 20:06:04,30.26
2025-05-16 21:05:05,30.57
2025-05-16 22:05:15,30.33
2025-05-16 23:05:34,29.67
2025-05-17 00:24:35,25.36
2025-05-17 01:33:18,23.96
2025-05-17 02:33:23,23.86
2025-05-17 03:21:33,19.74
2025-05-17 04:06:32,19.51
2025-05-17 05:05:28,18.25
2025-05-17 06:07:00,16.3
2025-05-17 07:05:16,15.57
2025-05-17 08:06:35,14.63
2025-05-17 09:05:22,13.49
2025-05-17 10:05:28,13.05
2025-05-17 11:04:35,12.98
2025-05-17 12:08:33,12.53
2025-05-17 13:09:54,12.67
2025-05-17 14:04:40,13.76
2025-05-17 15:05:05,14.81
2025-05-17 16:05:42,15.02
2025-05-17 17:04:40,16.14
2025-05-17 18:06:28,17.24
2025-05-17 19:04:58,18.12
2025-05-17 20:05:46,19.4
2025-05-17 21:04:41,19.6
2025-05-17 22:04:58,19.36
2025-05-17 23:05:07,18.74
2025-05-18 00:27:30,18
2025-05-18 01:33:40,18.43
2025-05-18 02:36:37,16.23
2025-05-18 03:26:24,16.96
2025-05-18 04:09:53,15.66
2025-05-18 05:05:33,15.04
2025-05-18 06:07:12,14.55
2025-05-18 07:05:24,13.37
2025-05-18 08:06:34,12.57
2025-05-18 09:05:12,12.15
2025-05-18 10:05:29,11.68
2025-05-18 11:04:38,11.56
2025-05-18 12:08:35,12.09
2025-05-18 13:10:22,12.76
2025-05-18 14:04:57,13.79
2025-05-18 15:04:52,14.25
2025-05-18 16:05:43,14.51
2025-05-18 17:04:45,13.28
2025-05-18 18:06:59,13.07
2025-05-18 19:04:31,13.88
2025-05-18 20:05:59,13.56
2025-05-18 21:04:47,12.57
2025-05-18 22:05:11,12.25
2025-05-18 23:05:17,11.43
2025-05-19 00:26:59,9.45
2025-05-19 01:34:26,8.44
2025-05-19 02:36:49,8.15
2025-05-19 03:27:22,7.77
2025-05-19 04:11:06,7.73
2025-05-19 05:06:21,7.8
2025-05-19 06:08:40,7.77
2025-05-19 07:06:34,7.61
2025-05-19 08:08:26,7.36
2025-05-19 09:06:49,7.36
2025-05-19 10:06:45,6.82
2025-05-19 11:05:28,6.48
2025-05-19 12:10:01,5.98
2025-05-19 13:14:46,6.17
2025-05-19 14:05:58,6.42
2025-05-19 15:06:12,6.61
2025-05-19 16:06:37,7.56
2025-05-19 17:05:16,8.44
2025-05-19 18:07:43,9.31
2025-05-19 19:04:51,9.76
2025-05-19 20:06:18,9.73
2025-05-19 21:05:28,9.03
2025-05-19 22:05:31,9.2
2025-05-19 23:05:33,9.39
2025-05-20 00:26:06,9.58
2025-05-20 01:33:47,9.96
2025-05-20 02:35:14,10.86
2025-05-20 03:23:50,11.71
2025-05-20 04:07:32,11.93
2025-05-20 05:06:14,11.68
2025-05-20 06:08:11,11.9
2025-05-20 07:06:20,12.01
2025-05-20 08:07:58,11.99
2025-05-20 09:06:37,11.94
2025-05-20 10:06:34,11.35
2025-05-20 11:05:11,10.6
2025-05-20 12:09:55,9.14
2025-05-20 13:14:54,8.68
2025-05-20 14:05:54,9.5
2025-05-20 15:06:09,10.2
2025-05-20 16:06:40,11.06
2025-05-20 17:05:07,11.22
2025-05-20 18:07:47,12
2025-05-20 19:04:40,12.46
2025-05-20 20:06:24,12.26
2025-05-20 21:05:28,12.46
2025-05-20 22:05:29,12.3
2025-05-20 23:05:24,11.96
2025-05-21 00:25:42,11.37
2025-05-21 01:33:46,10.58
2025-05-21 02:35:12,10.4
2025-05-21 03:23:33,10.23
2025-05-21 04:07:41,10.13
2025-05-21 05:06:17,9.82
2025-05-21 06:08:11,9.64
2025-05-21 07:06:21,9.85
2025-05-21 08:07:46,9.78
2025-05-21 09:06:29,9.75
2025-05-21 10:06:18,9.71
2025-05-21 11:05:22,9.36
2025-05-21 12:09:34,9.22
2025-05-21 13:14:24,9.19
2025-05-21 14:06:15,8.66
2025-05-21 15:06:03,9.03
2025-05-21 16:06:54,9.38
2025-05-21 17:05:21,9.34
2025-05-21 18:07:37,10.13
2025-05-21 19:04:48,10.46
2025-05-21 20:06:20,10.78
2025-05-21 21:05:31,10.76
2025-05-21 22:05:23,10.79
2025-05-21 23:05:32,10.57
2025-05-22 00:25:16,10.26
2025-05-22 01:33:44,9.84
2025-05-22 02:35:01,9.58
2025-05-22 03:23:41,9.19
2025-05-22 04:08:27,9.13
2025-05-22 05:06:09,8.97
2025-05-22 06:08:25,8.85
2025-05-22 07:05:59,8.67
2025-05-22 08:07:46,8.53
2025-05-22 09:06:30,8.43
2025-05-22 10:06:19,8.49
2025-05-22 11:05:08,8.73
2025-05-22 12:09:43,8.93
2025-05-22 13:14:22,9.85
2025-05-22 14:05:53,10.53
2025-05-22 15:05:56,11.27
2025-05-22 16:06:55,11.64
2025-05-22 17:05:07,10.87
2025-05-22 18:07:34,10.53
2025-05-22 19:04:48,11.69
2025-05-22 20:06:15,11.28
2025-05-22 21:05:28,12.59
2025-05-22 22:05:39,11.63
2025-05-22 23:05:37,11.67
2025-05-23 00:25:36,11.32
2025-05-23 01:33:45,10.74
2025-05-23 02:34:50,9.76
2025-05-23 03:23:30,8.76
2025-05-23 04:07:15,7.82
2025-05-23 05:06:10,8.04
2025-05-23 06:07:57,7.69
2025-05-23 07:06:20,6.38
2025-05-23 08:07:41,6.95
2025-05-23 09:06:22,6.11
2025-05-23 10:06:03,6.26
2025-05-23 11:05:11,6.96
2025-05-23 12:09:22,8.18
2025-05-23 13:13:13,9.28
2025-05-23 14:05:37,10.02
2025-05-23 15:05:51,12.66
2025-05-23 16:06:25,14.28
2025-05-23 17:05:17,14.77
2025-05-23 18:06:12,14.37
2025-05-23 19:04:43,14.2
2025-05-23 20:06:32,12.82
2025-05-23 21:05:02,12.7
2025-05-23 22:05:30,11.87
2025-05-23 23:05:28,11.52
2025-05-24 00:24:31,10.91
2025-05-24 01:33:21,10.01
2025-05-24 02:32:56,9.64
2025-05-24 03:21:14,9.12
2025-05-24 04:06:17,8.75
2025-05-24 05:05:38,8.2
2025-05-24 06:07:01,8.37
2025-05-24 07:05:17,8.18
2025-05-24 08:06:41,7.47
2025-05-24 09:05:11,7.94
2025-05-24 10:05:16,7.13
2025-05-24 11:04:37,7.14
2025-05-24 12:08:14,10.07
2025-05-24 13:10:58,12.09
2025-05-24 14:04:50,12.75
2025-05-24 15:04:57,14.31
2025-05-24 16:05:52,14.72
2025-05-24 17:04:39,15.28
2025-05-24 18:06:26,15.87
2025-05-24 19:04:32,15.89
2025-05-24 20:05:37,15.26
2025-05-24 21:04:42,14.84
2025-05-24 22:05:04,14.35
2025-05-24 23:05:29,13.67
2025-05-25 00:28:04,12.7
2025-05-25 01:33:52,11.94
2025-05-25 02:38:39,11.88
2025-05-25 03:28:17,12.1
2025-05-25 04:10:11,12.29
2025-05-25 05:05:26,12.36
2025-05-25 06:07:06,12.27
2025-05-25 07:05:19,12.28
2025-05-25 08:06:45,12
2025-05-25 09:05:12,11.67
2025-05-25 10:05:13,11.51
2025-05-25 11:04:37,11.2
2025-05-25 12:08:31,10.72
2025-05-25 13:10:21,10.61
2025-05-25 14:04:48,10.87
2025-05-25 15:04:56,11.48
2025-05-25 16:05:59,13.12
2025-05-25 17:04:55,13.92
2025-05-25 18:06:48,15.63
2025-05-25 19:04:33,15.85
2025-05-25 20:05:38,16.41
2025-05-25 21:04:58,16.97
2025-05-25 22:05:12,16.51
2025-05-25 23:05:27,16.1
2025-05-26 00:26:22,15.03
2025-05-26 01:34:12,13.27
2025-05-26 02:36:05,12.51
2025-05-26 03:26:30,11.54
2025-05-26 04:10:00,10.87
2025-05-26 05:06:29,10.77
2025-05-26 06:08:26,10.19
2025-05-26 07:07:57,8.96
2025-05-26 08:10:22,9.45
2025-05-26 10:09:56,10.32
2025-05-26 11:04:51,9.9
2025-05-26 12:09:22,11.17
2025-05-26 13:12:59,12.39
2025-05-26 14:06:02,13.26
2025-05-26 15:05:44,13.83
2025-05-26 16:06:23,14.36
2025-05-26 17:05:14,14.75
2025-05-26 18:07:13,15.74
2025-05-26 19:04:48,16.49
2025-05-26 20:06:13,16.67
2025-05-26 21:05:06,16.64
2025-05-26 22:05:16,16.57
2025-05-26 23:05:18,15.55
2025-05-27 00:24:57,14.31
2025-05-27 01:33:43,12.96
2025-05-27 02:34:56,12.64
2025-05-27 03:23:30,12.68
2025-05-27 04:09:42,12.68
2025-05-27 05:06:04,12.65
2025-05-27 06:07:58,12.73
2025-05-27 07:06:23,12.4
2025-05-27 08:07:57,12.4
2025-05-27 09:06:09,12.57
2025-05-27 10:06:11,12.29
2025-05-27 11:05:03,12.14
2025-05-27 12:09:40,13.45
2025-05-27 13:14:36,14.69
2025-05-27 14:05:17,15.39
2025-05-27 15:06:09,16.17
2025-05-27 16:07:07,14.45
2025-05-27 17:05:10,16.5
2025-05-27 18:06:35,17.63
2025-05-27 19:04:45,17.32
2025-05-27 20:06:22,17.61
2025-05-27 21:05:23,17.88
2025-05-27 22:05:22,17.23
2025-05-27 23:05:25,16.47
2025-05-28 00:25:28,15.5
2025-05-28 01:33:48,14.86
2025-05-28 02:35:17,14.52
2025-05-28 03:24:27,14.17
2025-05-28 04:08:20,13.92
2025-05-28 05:06:15,13.64
2025-05-28 06:08:01,13.55
2025-05-28 07:06:25,13.6
2025-05-28 08:07:37,13.29
2025-05-28 09:06:28,13.31
2025-05-28 10:06:41,13.43
2025-05-28 11:05:17,13.17
2025-05-28 12:10:13,13.34
2025-05-28 13:14:32,13.39
2025-05-28 14:06:05,13.23
2025-05-28 15:05:42,12.95
2025-05-28 16:06:10,12.77
2025-05-28 17:05:36,13.39
2025-05-28 18:07:16,14.86
2025-05-28 19:04:43,14.74
2025-05-28 20:06:29,14.7
2025-05-28 21:05:21,14.68
2025-05-28 22:05:26,14.31
2025-05-28 23:05:33,14.12
2025-05-29 00:25:28,13.7
2025-05-29 01:33:56,13.22
2025-05-29 02:35:14,12.72
2025-05-29 03:25:08,12.79
2025-05-29 04:09:14,12.77
2025-05-29 05:06:16,12.69
2025-05-29 06:08:08,12.81
2025-05-29 07:06:23,12.93
2025-05-29 08:08:06,12.71
2025-05-29 09:06:23,12.12
2025-05-29 10:06:14,12.06
2025-05-29 11:05:13,12.23
2025-05-29 12:09:32,12.69
2025-05-29 13:13:56,13.53
2025-05-29 14:05:37,14.59
2025-05-29 15:05:49,16.78
2025-05-29 16:06:32,19.14
2025-05-29 17:05:07,20.2
2025-05-29 18:07:31,21.03
2025-05-29 19:04:41,19.75
2025-05-29 20:06:43,19.71
2025-05-29 21:05:40,21.14
2025-05-29 22:05:22,21.6
2025-05-29 23:05:08,20.56
2025-05-30 00:25:26,20.14
2025-05-30 01:33:37,18.22
2025-05-30 02:34:53,16.16
2025-05-30 03:23:59,15.08
2025-05-30 04:08:16,14.27
2025-05-30 05:06:12,13.51
2025-05-30 06:07:57,13.24
2025-05-30 07:06:15,11.79
2025-05-30 08:07:30,11.61
2025-05-30 09:06:13,11.93
2025-05-30 10:06:06,11.62
2025-05-30 11:05:17,11.86
2025-05-30 12:09:14,14.65
2025-05-30 13:13:52,17.48
2025-05-30 14:05:52,19.2
2025-05-30 15:05:40,20.59
2025-05-30 16:06:36,22.07
2025-05-30 17:05:24,22.77
2025-05-30 18:07:28,22.25
2025-05-30 19:04:38,22.05
2025-05-30 20:06:20,22.9
2025-05-30 21:05:10,22.18
2025-05-30 22:05:17,22.17
2025-05-30 23:05:37,21.69
2025-05-31 00:24:33,22.23
2025-05-31 01:33:26,21.72
2025-05-31 02:34:01,19.45
2025-05-31 03:23:07,18.64
2025-05-31 04:07:30,18.02
2025-05-31 05:05:35,17.46
2025-05-31 06:07:07,14.6
2025-05-31 07:05:26,13.21
2025-05-31 08:06:51,12.05
2025-05-31 09:05:25,11.58
2025-05-31 10:05:31,11.17
2025-05-31 11:04:53,10.71
2025-05-31 12:08:43,10.47
2025-05-31 13:11:03,10.78
2025-05-31 14:04:47,11.79
2025-05-31 15:05:04,12.65
2025-05-31 16:05:59,14.52
2025-05-31 17:04:32,14
2025-05-31 18:06:42,14.1
2025-05-31 19:04:52,14.39
2025-05-31 20:05:35,14.83
2025-05-31 21:04:37,14.92
2025-05-31 22:05:05,15.41
2025-05-31 23:05:24,15.04
2025-06-01 00:31:43,14.01
2025-06-01 01:34:44,12.77
2025-06-01 02:47:11,11.53
2025-06-01 03:34:48,11.04
2025-06-01 04:17:47,10.83
2025-06-01 05:06:25,10.75
2025-06-01 06:07:31,10.52
2025-06-01 07:05:35,10.75
2025-06-01 08:07:00,10.17
2025-06-01 09:05:32,9.49
2025-06-01 10:05:38,9.1
2025-06-01 11:04:39,9.6
2025-06-01 12:08:48,9.78
2025-06-01 13:11:14,13.3
2025-06-01 14:04:50,15.08
2025-06-01 15:04:59,16.36
2025-06-01 16:05:53,16.48
2025-06-01 17:04:47,17.48
2025-06-01 18:06:40,16.61
2025-06-01 19:04:38,16.37
2025-06-01 20:05:46,17.44
2025-06-01 21:04:52,16.95
2025-06-01 22:05:20,16.76
2025-06-01 23:05:20,16.46
2025-06-02 00:27:05,15.99
2025-06-02 01:34:35,14.03
2025-06-02 02:38:19,13.18
2025-06-02 03:30:19,12.56
2025-06-02 04:13:04,12.19
2025-06-02 05:07:07,12.06
2025-06-02 06:08:26,12.25
2025-06-02 07:06:52,12.31
2025-06-02 08:08:42,11.82
2025-06-02 09:06:40,12.23
2025-06-02 10:06:23,11.69
2025-06-02 11:05:37,12.16
2025-06-02 12:09:55,12.65
2025-06-02 13:14:43,16.69
2025-06-02 14:06:40,19.48
2025-06-02 15:06:26,21.31
2025-06-02 16:06:53,23.22
2025-06-02 17:06:14,25.56
2025-06-02 18:07:34,26.33
2025-06-02 19:04:37,27.05
2025-06-02 20:06:28,27.72
2025-06-02 21:05:32,28.57
2025-06-02 22:05:42,28.73
2025-06-02 23:05:30,28.79
2025-06-03 00:26:00,27.98
2025-06-03 01:34:04,26.01
2025-06-03 02:35:49,23.75
2025-06-03 03:26:21,23.58
2025-06-03 04:10:38,23.15
2025-06-03 05:06:33,22.86
2025-06-03 06:08:14,22.19
2025-06-03 07:06:32,21.62
2025-06-03 08:08:23,21.1
2025-06-03 09:06:44,20.8
2025-06-03 10:06:40,20.37
2025-06-03 11:05:33,20.33
2025-06-03 12:09:58,21.37
2025-06-03 13:15:23,23.04
2025-06-03 14:06:30,24.57
2025-06-03 15:06:24,26.56
2025-06-03 16:07:02,27.89
2025-06-03 17:05:57,28.94
2025-06-03 18:07:39,30.09
2025-06-03 19:04:53,30.55
2025-06-03 20:06:37,25.72
2025-06-03 21:05:25,29.14
2025-06-03 22:05:38,29.42
2025-06-03 23:05:41,29.59
2025-06-04 00:25:50,28.84
2025-06-04 01:34:04,28.46
2025-06-04 02:35:45,27.77
2025-06-04 03:26:48,26.19
2025-06-04 04:10:22,24.3
2025-06-04 05:06:15,23.93
2025-06-04 06:08:13,22.76
2025-06-04 07:06:27,22.24
2025-06-04 08:08:05,21.98
2025-06-04 09:06:18,21.31
2025-06-04 10:06:39,20.52
2025-06-04 11:05:30,19.77
2025-06-04 12:09:47,16.6
2025-06-04 13:15:44,14.51
2025-06-04 14:05:09,14.14
2025-06-04 15:18:38,14.34
2025-06-04 16:06:45,14.87
2025-06-04 17:05:34,15.08
2025-06-04 18:07:31,15.34
2025-06-04 19:04:53,15.38
2025-06-04 20:05:28,15.49
2025-06-04 21:04:54,15.74
2025-06-04 22:05:11,16.21
2025-06-04 23:05:36,16.12
2025-06-05 00:25:29,16.21
2025-06-05 01:33:51,15.76
2025-06-05 02:35:51,14.78
2025-06-05 03:26:47,14.37
2025-06-05 04:11:08,14.03
2025-06-05 05:06:24,13.53
2025-06-05 06:08:24,13.46
2025-06-05 07:06:19,13.36
2025-06-05 08:07:56,12.97
2025-06-05 09:06:27,12.54
2025-06-05 10:11:30,12.62
2025-06-05 11:05:37,12.77
2025-06-05 12:09:57,13.74
2025-06-05 13:14:39,15.34
2025-06-05 14:05:56,17.19
2025-06-05 15:05:58,18.43
2025-06-05 16:06:51,19.08
2025-06-05 17:04:51,19.67
2025-06-05 19:04:50,19.93
2025-06-05 20:05:50,20.89
2025-06-05 21:05:23,20.84
2025-06-05 22:05:18,20.65
2025-06-05 23:06:18,20.63
2025-06-06 00:25:24,19.04
2025-06-06 01:33:51,17.95
2025-06-06 02:35:45,16.99
2025-06-06 03:26:15,16.73
2025-06-06 04:10:34,16.64
2025-06-06 05:06:20,16.43
2025-06-06 06:08:13,16.28
2025-06-06 07:05:52,16
2025-06-06 08:07:47,15.87
2025-06-06 09:06:10,15.75
2025-06-06 10:06:30,15.52
2025-06-06 11:05:34,15.33
2025-06-06 12:09:34,16.24
2025-06-06 13:13:37,18.34
2025-06-06 14:05:42,20.06
2025-06-06 15:05:08,21.3
2025-06-06 16:06:57,21.54
2025-06-06 17:05:50,22.74
2025-06-06 18:07:30,22.96
2025-06-06 19:04:46,23.17
2025-06-06 20:06:40,23.22
2025-06-06 21:05:19,22.52
2025-06-06 22:05:20,21.32
2025-06-06 23:05:36,21.46
2025-06-07 00:25:15,20.09
2025-06-07 01:33:35,18.47
2025-06-07 02:34:50,17.33
2025-06-07 03:24:58,16.93
2025-06-07 04:07:25,16.59
2025-06-07 05:05:35,16.05
2025-06-07 06:07:00,15.09
2025-06-07 07:05:26,15.04
2025-06-07 08:06:44,14.55
2025-06-07 09:05:24,14.28
2025-06-07 10:05:30,13.97
2025-06-07 11:04:39,13.8
2025-06-07 12:08:42,15.57
2025-06-07 13:10:54,17.59
2025-06-07 14:05:00,19.24
2025-06-07 15:05:13,20.98
2025-06-07 16:05:43,21.03
2025-06-07 17:04:43,21.44
2025-06-07 18:07:00,21.01
2025-06-07 19:04:32,21.76
2025-06-07 20:05:38,21.91
2025-06-07 21:04:41,22.21
2025-06-07 22:05:15,21.33
2025-06-07 23:05:37,20.57
2025-06-08 00:28:25,19.52
2025-06-08 01:34:10,18.06
2025-06-08 02:41:03,17.21
2025-06-08 03:31:25,17.43
2025-06-08 04:13:04,17.42
2025-06-08 05:05:34,16.47
2025-06-08 06:07:18,15.3
2025-06-08 07:05:18,15.29
2025-06-08 08:06:54,15.27
2025-06-08 09:05:22,15.29
2025-06-08 10:05:24,15.47
2025-06-08 11:04:51,15.48
2025-06-08 12:08:42,16.2
2025-06-08 13:10:50,18.42
2025-06-08 14:04:45,19.94
2025-06-08 15:05:16,21.48
2025-06-08 16:06:11,23.6
2025-06-08 17:04:39,25.18
2025-06-08 18:06:44,26.14
2025-06-08 19:04:33,26.56
2025-06-08 20:05:40,27.15
2025-06-08 21:04:42,25.24
2025-06-08 22:05:02,21.58
2025-06-08 23:05:14,21.6
2025-06-09 00:27:25,20.27
2025-06-09 01:34:42,20.18
2025-06-09 02:39:51,19.07
2025-06-09 03:30:48,18.07
2025-06-09 04:13:12,16.96
2025-06-09 05:07:04,16.42
2025-06-09 06:09:03,15.43
2025-06-09 07:06:55,14.71
2025-06-09 08:08:32,14.43
2025-06-09 09:06:55,14.07
2025-06-09 10:06:31,13.66
2025-06-09 11:05:47,13.29
2025-06-09 12:09:59,14.35
2025-06-09 13:14:52,16.46
2025-06-09 14:06:12,18.29
2025-06-09 15:06:25,19.33
2025-06-09 16:06:52,21.21
2025-06-09 17:05:28,22.59
2025-06-09 18:07:49,22.27
2025-06-09 19:04:44,22.32
2025-06-09 20:06:18,20.79
2025-06-09 21:05:35,21.52
2025-06-09 22:05:48,20.83
2025-06-09 23:05:40,20.46
2025-06-10 00:25:43,19.91
2025-06-10 01:34:14,18.76
2025-06-10 02:36:50,17.65
2025-06-10 03:27:50,17.04
2025-06-10 04:11:38,16.58
2025-06-10 05:06:24,15.85
2025-06-10 06:08:07,14.68
2025-06-10 07:06:02,14.08
2025-06-10 08:08:17,14.09
2025-06-10 09:06:55,13.68
2025-06-10 10:06:20,13.37
2025-06-10 11:05:28,13.2
2025-06-10 12:10:38,15.15
2025-06-10 13:15:42,17.29
2025-06-10 14:05:57,18.54
2025-06-10 15:06:03,19.73
2025-06-10 16:06:52,21.04
2025-06-10 17:05:16,21.78
2025-06-10 18:07:37,22.99
2025-06-10 19:04:41,24.22
2025-06-10 20:06:33,24.97
2025-06-10 21:05:51,25.51
2025-06-10 22:05:26,25.7
2025-06-10 23:05:31,25.94
2025-06-11 00:25:43,24.91
2025-06-11 01:34:00,23.61
2025-06-11 02:36:10,22.13
2025-06-11 03:27:39,21.1
2025-06-11 04:12:06,20.55
2025-06-11 05:07:03,20.07
2025-06-11 06:08:21,19.75
2025-06-11 07:06:33,19.27
2025-06-11 08:08:11,18.89
2025-06-11 09:06:40,18.53
2025-06-11 10:06:22,18.46
2025-06-11 11:05:44,18.85
2025-06-11 12:10:15,19.71
2025-06-11 13:15:24,21.57
2025-06-11 14:05:42,23.23
2025-06-11 15:06:10,25.21
2025-06-11 16:06:48,27.39
2025-06-11 17:05:44,29.03
2025-06-11 18:07:43,30.17
2025-06-11 19:04:44,31.64
2025-06-11 20:04:59,31.99
2025-06-11 21:05:41,32.73
2025-06-11 22:05:26,32.77
2025-06-11 23:05:54,32.4
2025-06-12 00:25:36,31.58
2025-06-12 01:34:01,29.95
2025-06-12 02:35:51,28.01
2025-06-12 03:26:22,26.99
2025-06-12 04:11:04,26.22
2025-06-12 05:06:16,23.32
2025-06-12 06:08:27,23.29
2025-06-12 07:06:23,21.89
2025-06-12 08:07:58,21.01
2025-06-12 09:06:26,20.1
2025-06-12 10:06:30,19.53
2025-06-12 11:05:24,18.91
2025-06-12 12:09:54,19.91
2025-06-12 13:15:12,21.94
2025-06-12 14:05:49,22.07
2025-06-12 15:05:55,22.77
2025-06-12 16:06:51,23.21
2025-06-12 17:05:36,22.85
2025-06-12 18:07:24,23.56
2025-06-12 19:04:41,23.41
2025-06-12 20:06:20,22.57
2025-06-12 21:05:56,22.57
2025-06-12 22:05:37,21.16
2025-06-12 23:06:22,19.39
2025-06-13 00:26:01,18.41
2025-06-13 01:34:06,17.41
2025-06-13 02:36:25,16.84
2025-06-13 03:27:27,16.79
2025-06-13 04:11:15,16.77
2025-06-13 05:06:10,16.64
2025-06-13 06:08:16,16.44
2025-06-13 07:05:58,16.17
2025-06-13 08:07:59,16.07
2025-06-13 09:06:21,15.89
2025-06-13 10:06:23,16.2
2025-06-13 11:05:25,16.08
2025-06-13 12:09:28,16.76
2025-06-13 13:14:36,17.26
2025-06-13 14:05:50,18.25
2025-06-13 15:05:52,18.81
2025-06-13 16:06:31,19.17
2025-06-13 17:05:20,19.13
2025-06-13 18:07:31,19.08
2025-06-13 19:04:50,19.1
2025-06-13 20:06:21,18.91
2025-06-13 21:05:17,19.41
2025-06-13 22:05:32,19.66
2025-06-13 23:05:34,19.71
2025-06-14 00:25:03,19.68
2025-06-14 01:33:38,17.43
2025-06-14 02:34:38,17.05
2025-06-14 03:24:07,16.26
2025-06-14 04:07:36,16.4
2025-06-14 05:05:58,16.55
2025-06-14 06:07:07,15.73
2025-06-14 07:05:25,15.55
2025-06-14 08:06:43,15.26
2025-06-14 09:05:24,15.42
2025-06-14 10:05:36,15.88
2025-06-14 11:04:42,15.97
2025-06-14 12:08:29,16.08
2025-06-14 13:10:56,16.17
2025-06-14 14:04:59,16.64
2025-06-14 15:05:05,16.9
2025-06-14 16:05:54,17.19
2025-06-14 17:04:47,17.65
2025-06-14 18:06:22,18.01
2025-06-14 19:04:34,19.81
2025-06-14 20:05:37,20.55
2025-06-14 21:05:06,21.42
2025-06-14 22:05:08,21.14
2025-06-14 23:05:27,20.08
2025-06-15 00:28:52,19.04
2025-06-15 01:34:17,17.53
2025-06-15 02:42:09,16.32
2025-06-15 03:31:51,15.8
2025-06-15 04:12:17,15.19
2025-06-15 05:05:52,15.04
2025-06-15 06:07:29,14.79
2025-06-15 07:05:39,14.47
2025-06-15 08:06:50,14.58
2025-06-15 09:05:32,14.48
2025-06-15 10:05:21,14.21
2025-06-15 11:04:38,14.28
2025-06-15 12:08:50,15.65
2025-06-15 13:11:14,18.1
2025-06-15 14:05:07,20.15
2025-06-15 15:05:12,21.47
2025-06-15 16:05:58,23.23
2025-06-15 17:04:45,24.37
2025-06-15 18:07:02,24.12
2025-06-15 19:04:38,25.01
2025-06-15 20:05:37,23.65
2025-06-15 21:05:06,24.08
2025-06-15 22:05:18,24.08
2025-06-15 23:05:29,23.52
2025-06-16 00:27:16,21.97
2025-06-16 01:34:37,20.35
2025-06-16 02:39:08,19.01
2025-06-16 03:30:51,18.1
2025-06-16 04:13:53,17.63
2025-06-16 05:07:39,17.23
2025-06-16 06:09:03,17.17
2025-06-16 07:07:16,16.91
2025-06-16 08:08:29,16.97
2025-06-16 09:07:28,16.24
2025-06-16 10:06:37,16.6
2025-06-16 11:05:32,16.63
2025-06-16 12:10:12,18.25
2025-06-16 13:15:34,22.17
2025-06-16 14:05:58,23.74
2025-06-16 15:06:02,26.09
2025-06-16 16:06:43,27.28
2025-06-16 17:05:38,28.46
2025-06-16 18:07:51,28.77
2025-06-16 19:04:55,28.55
2025-06-16 20:06:21,29.01
2025-06-16 21:05:39,27.95
2025-06-16 22:05:40,27.42
2025-06-16 23:05:36,27.53
2025-06-17 00:25:44,26.02
2025-06-17 01:34:15,24.19
2025-06-17 02:36:39,23.21
2025-06-17 03:27:37,22.66
2025-06-17 04:11:36,22.47
2025-06-17 05:06:14,22.32
2025-06-17 06:08:26,21.89
2025-06-17 07:06:20,22.66
2025-06-17 08:08:17,22.57
2025-06-17 09:07:02,22.44
2025-06-17 10:06:27,22.29
2025-06-17 11:05:32,22.2
2025-06-17 12:10:29,23.24
2025-06-17 13:15:25,24.93
2025-06-17 14:06:05,26.81
2025-06-17 15:06:11,28.59
2025-06-17 16:06:47,29.77
2025-06-17 17:06:11,30.69
2025-06-17 18:07:36,31.9
2025-06-17 19:04:42,32.85
2025-06-17 20:06:10,33.25
2025-06-17 21:05:44,32.72
2025-06-17 22:05:33,32.79
2025-06-17 23:05:32,33.1
2025-06-18 00:25:47,31.37
2025-06-18 01:34:03,30.12
2025-06-18 02:36:04,28.88
2025-06-18 03:27:00,27.89
2025-06-18 04:11:37,28.02
2025-06-18 05:06:33,23.35
2025-06-18 06:08:15,22.01
2025-06-18 07:06:31,21.64
2025-06-18 08:07:58,21.29
2025-06-18 09:06:45,21.38
2025-06-18 10:06:15,21.31
2025-06-18 11:05:37,21.18
2025-06-18 12:10:09,20.79
2025-06-18 13:15:30,21.62
2025-06-18 14:06:17,23.45
2025-06-18 15:06:21,25.85
2025-06-18 16:06:40,26.24
2025-06-18 17:06:34,26.91
2025-06-18 18:07:41,23.9
2025-06-18 19:04:44,22.59
2025-06-18 20:07:18,21.83
2025-06-18 21:05:26,21.66
2025-06-18 22:05:31,21.79
2025-06-18 23:05:37,20.99
2025-06-19 00:26:07,20.26
2025-06-19 01:34:13,19.28
2025-06-19 02:36:34,19.46
2025-06-19 03:27:23,19.52
2025-06-19 04:11:14,19.42
2025-06-19 05:06:18,19.66
2025-06-19 06:08:09,19.09
2025-06-19 07:06:20,18.4
2025-06-19 08:08:09,18.29
2025-06-19 09:06:35,18.25
2025-06-19 10:06:35,18.18
2025-06-19 11:05:35,18.13
2025-06-19 12:09:56,18.85
2025-06-19 13:14:32,19.38
2025-06-19 14:05:34,20.8
2025-06-19 15:05:47,23.26
2025-06-19 16:06:33,25.05
2025-06-19 17:05:32,26.57
2025-06-19 18:07:32,26.75
2025-06-19 19:04:42,26.38
2025-06-19 20:06:49,27.11
2025-06-19 21:05:20,26.64
2025-06-19 22:05:37,27.46
2025-06-19 23:06:01,28.43
2025-06-20 00:25:35,27.51
2025-06-20 01:34:24,24.09
2025-06-20 02:36:12,22.51
2025-06-20 03:26:48,21.68
2025-06-20 04:10:40,21.23
2025-06-20 05:06:45,20.95
2025-06-20 06:08:07,20.7
2025-06-20 07:06:13,21.28
2025-06-20 08:08:08,21.43
2025-06-20 09:06:25,21.13
2025-06-20 10:06:28,20.76
2025-06-20 11:05:24,20.93
2025-06-20 12:09:59,21.77
2025-06-20 13:14:18,23.63
2025-06-20 14:05:41,24.5
2025-06-20 15:05:39,24.7
2025-06-20 16:06:28,23.82
2025-06-20 17:05:25,25.33
2025-06-20 18:07:26,27.31
2025-06-20 19:04:40,28.63
2025-06-20 20:06:22,29.48
2025-06-20 21:05:08,30.33
2025-06-20 22:05:25,30
2025-06-20 23:06:13,29.59
2025-06-21 00:25:39,28.56
2025-06-21 01:33:30,27.81
2025-06-21 02:34:48,27.01
2025-06-21 03:25:03,26.37
2025-06-21 04:08:02,25.94
2025-06-21 05:05:49,25.75
2025-06-21 06:07:06,25.57
2025-06-21 07:05:25,25.27
2025-06-21 08:06:59,25.08
2025-06-21 09:05:23,25.03
2025-06-21 10:05:29,24.99
2025-06-21 11:04:46,24.85
2025-06-21 12:08:34,25.66
2025-06-21 13:11:05,26.85
2025-06-21 14:05:04,28.14
2025-06-21 15:05:18,30.18
2025-06-21 16:06:05,31.69
2025-06-21 17:04:57,32.75
2025-06-21 18:06:42,33.58
2025-06-21 19:04:36,34.44
2025-06-21 20:06:03,34.83
2025-06-21 21:04:57,34.87
2025-06-21 22:04:57,34.5
2025-06-21 23:05:32,34.27
2025-06-22 00:28:39,33.12
2025-06-22 01:34:19,32.07
2025-06-22 02:42:32,30.66
2025-06-22 03:32:15,30.66
2025-06-22 04:13:23,30.39
2025-06-22 05:06:25,29.53
2025-06-22 06:07:27,28.99
2025-06-22 07:05:54,28.41
2025-06-22 08:06:59,27.81
2025-06-22 09:05:32,27.11
2025-06-22 10:05:35,26.63
2025-06-22 11:04:41,26.49
2025-06-22 12:08:53,27.01
2025-06-22 13:11:05,28
2025-06-22 14:05:07,29.32
2025-06-22 15:05:01,30.71
2025-06-22 16:05:56,31.97
2025-06-22 17:04:40,32.87
2025-06-22 18:06:57,33.51
2025-06-22 19:04:43,34.25
2025-06-22 20:05:47,34.87
2025-06-22 21:05:10,34.7
2025-06-22 22:05:11,34.44
2025-06-22 23:05:38,34.09
2025-06-23 00:28:05,33.06
2025-06-23 01:34:59,31.8
2025-06-23 02:42:21,30.74
2025-06-23 03:32:53,30.53
2025-06-23 04:15:49,30.18
2025-06-23 05:07:38,29.46
2025-06-23 06:09:11,28.72
2025-06-23 07:07:20,28.17
2025-06-23 08:08:26,27.47
2025-06-23 09:08:07,26.77
2025-06-23 10:06:40,26.41
2025-06-23 11:05:35,26.01
2025-06-23 12:10:11,26.86
2025-06-23 13:15:52,28.6
2025-06-23 14:06:07,30.11
2025-06-23 15:06:18,31.5
2025-06-23 16:06:43,32.61
2025-06-23 17:05:43,33.28
2025-06-23 18:07:39,34.24
2025-06-23 19:04:53,34.57
2025-06-23 20:06:38,35.3
2025-06-23 21:05:38,35.03
2025-06-23 22:05:32,34.65
2025-06-23 23:04:42,34.31
2025-06-24 00:25:53,33.53
2025-06-24 01:34:12,32.38
2025-06-24 02:37:12,31.3
2025-06-24 03:28:23,30.83
2025-06-24 04:12:25,30.27
2025-06-24 05:07:53,29.34
2025-06-24 06:08:26,28.17
2025-06-24 07:06:45,27.22
2025-06-24 08:08:19,25.94
2025-06-24 09:07:24,25.35
2025-06-24 10:06:30,25.29
2025-06-24 11:05:34,25.16
2025-06-24 12:10:04,26.81
2025-06-24 13:15:52,29.46
2025-06-24 14:06:01,30.63
2025-06-24 15:06:14,31.52
2025-06-24 16:06:51,31.24
2025-06-24 17:06:29,33.52
2025-06-24 18:07:36,33.59
2025-06-24 19:05:12,35.37
2025-06-24 20:06:18,32.2
2025-06-24 21:05:38,30.44
2025-06-24 22:05:28,31.04
2025-06-24 23:05:28,28.95
2025-06-25 00:26:12,25.92
2025-06-25 01:34:07,25.07
2025-06-25 02:37:46,24.29
2025-06-25 03:29:24,23.64
2025-06-25 04:12:51,23.38
2025-06-25 05:07:28,23.39
2025-06-25 06:08:43,22.74
2025-06-25 07:06:47,22.28
2025-06-25 08:08:16,22.32
2025-06-25 09:07:31,21.93
2025-06-25 10:06:17,21.53
2025-06-25 11:05:41,21.2
2025-06-25 12:10:05,21.19
2025-06-25 13:15:56,21.9
2025-06-25 14:06:20,22.27
2025-06-25 15:06:02,23.14
2025-06-25 16:07:42,24.42
2025-06-25 17:06:08,25.44
2025-06-25 18:07:48,27.12
2025-06-25 19:05:06,27.66
2025-06-25 20:06:16,26.68
2025-06-25 21:05:30,27.75
2025-06-25 22:05:31,25.92
2025-06-25 23:06:04,24.11
2025-06-26 00:25:48,23.85
2025-06-26 01:34:04,23.72
2025-06-26 02:36:57,23.09
2025-06-26 03:28:16,23.3
2025-06-26 04:11:31,23.42
2025-06-26 05:06:49,23.88
2025-06-26 06:08:15,24.58
2025-06-26 07:06:44,24.42
2025-06-26 08:08:04,24.6
2025-06-26 09:06:50,24.6
2025-06-26 10:06:28,24.35
2025-06-26 11:05:35,24.46
2025-06-26 12:10:03,25.7
2025-06-26 13:15:09,28.25
2025-06-26 14:05:40,29.02
2025-06-26 15:06:10,31.42
2025-06-26 16:07:09,32.9
2025-06-26 17:05:38,33.43
2025-06-26 18:07:39,34.08
2025-06-26 19:04:44,34.43
2025-06-26 20:06:13,33.32
2025-06-26 21:05:33,33.5
2025-06-26 22:05:26,33.23
2025-06-26 23:05:58,33.13
2025-06-27 00:26:13,31.75
2025-06-27 01:34:20,29.87
2025-06-27 02:37:34,26.34
2025-06-27 03:28:58,25.2
2025-06-27 04:11:54,24.91
2025-06-27 05:07:07,25.06
2025-06-27 06:08:31,25.86
2025-06-27 07:06:40,26.64
2025-06-27 08:08:01,27.3
2025-06-27 09:06:27,26.88
2025-06-27 10:06:18,26.11
2025-06-27 11:05:29,25.67
2025-06-27 12:09:49,26.1
2025-06-27 13:14:11,27.72
2025-06-27 14:05:46,29
2025-06-27 15:06:22,29.48
2025-06-27 16:06:55,30.68
2025-06-27 17:05:24,30.2
2025-06-27 18:07:42,29.73
2025-06-27 19:04:40,29.9
2025-06-27 20:06:13,30.54
2025-06-27 21:05:21,30.83
2025-06-27 22:05:30,31.11
2025-06-27 23:06:04,31.09
2025-06-28 00:25:01,29.59
2025-06-28 01:33:37,27.8
2025-06-28 02:35:12,26.03
2025-06-28 03:25:00,25.67
2025-06-28 04:08:17,24.49
2025-06-28 05:05:40,24.04
2025-06-28 06:07:17,23.32
2025-06-28 07:05:26,21.97
2025-06-28 08:06:56,21.14
2025-06-28 09:05:31,21
2025-06-28 10:05:35,20.41
2025-06-28 11:04:36,20.52
2025-06-28 12:08:46,21.6
2025-06-28 13:11:21,22.39
2025-06-28 14:05:03,23.66
2025-06-28 15:05:10,24.77
2025-06-28 16:06:04,26.11
2025-06-28 17:04:41,26.86
2025-06-28 18:06:50,27.48
2025-06-28 19:04:36,27.89
2025-06-28 20:05:41,27.47
2025-06-28 21:04:44,27.48
2025-06-28 22:05:03,27.44
2025-06-28 23:05:22,25.88
2025-06-29 00:29:25,25.4
2025-06-29 01:34:17,24.11
2025-06-29 02:44:49,23.59
2025-06-29 03:33:20,23.55
2025-06-29 04:16:11,23.35
2025-06-29 05:08:12,23.25
2025-06-29 06:07:38,22.66
2025-06-29 07:05:28,22.4
2025-06-29 08:06:56,22.31
2025-06-29 09:05:28,22.42
2025-06-29 10:05:41,22.2
2025-06-29 11:04:39,22.68
2025-06-29 12:08:45,25.02
2025-06-29 13:11:56,27.53
2025-06-29 14:05:04,29.05
2025-06-29 15:05:08,30.36
2025-06-29 16:05:50,31.43
2025-06-29 17:04:55,32.21
2025-06-29 18:07:05,32.99
2025-06-29 19:04:38,31.74
2025-06-29 20:05:51,32.44
2025-06-29 21:04:54,32.23
2025-06-29 22:05:20,31.38
2025-06-29 23:05:25,32.47
2025-06-30 00:28:13,30.15
2025-06-30 01:34:37,28.75
2025-06-30 02:41:10,27.74
2025-06-30 03:32:35,27.48
2025-06-30 04:15:01,27.13
2025-06-30 05:07:43,25.97
2025-06-30 06:08:54,24.39
2025-06-30 07:07:31,23.19
2025-06-30 08:08:20,23.2
2025-06-30 09:07:38,23.17
2025-06-30 10:06:39,23.23
2025-06-30 11:05:42,23.56
2025-06-30 12:09:50,25.14
2025-06-30 13:15:23,25.97
2025-06-30 14:05:55,27.34
2025-06-30 15:06:12,28.19
2025-06-30 16:06:38,29.65
2025-06-30 17:05:14,30.01
2025-06-30 18:07:58,30.95
2025-06-30 19:04:40,31.56
2025-06-30 20:06:11,31.17
2025-06-30 21:05:23,32.16
2025-06-30 22:05:44,32.03
2025-06-30 23:05:49,31.75
2025-07-01 00:29:51,30.17
2025-07-01 01:35:22,28.78
2025-07-01 02:46:02,27.91
2025-07-01 03:34:50,27.35
2025-07-01 04:18:59,26.91
2025-07-01 05:08:51,26.13
2025-07-01 06:08:46,25.03
2025-07-01 07:06:53,23.9
2025-07-01 08:08:04,23.47
2025-07-01 09:07:46,22.7
2025-07-01 10:06:27,22.18
2025-07-01 11:05:23,21.7
2025-07-01 12:10:08,22.67
2025-07-01 13:15:19,24.61
2025-07-01 14:05:56,25.77
2025-07-01 15:06:08,26.42
2025-07-01 16:06:49,27.32
2025-07-01 17:05:50,27.99
2025-07-01 18:07:32,28.48
2025-07-01 19:04:46,28.83
2025-07-01 20:06:18,29.62
2025-07-01 21:05:32,29.45
2025-07-01 22:05:34,29.56
2025-07-01 23:05:34,28.87
2025-07-02 00:26:11,27.92
2025-07-02 01:34:12,26.32
2025-07-02 02:37:19,25.07
2025-07-02 03:29:14,24.48
2025-07-02 04:12:42,23.97
2025-07-02 05:07:53,23.02
2025-07-02 06:08:42,22.52
2025-07-02 07:06:33,21.92
2025-07-02 08:08:07,21.88
2025-07-02 09:07:38,21.39
2025-07-02 10:06:18,20.78
2025-07-02 11:05:40,20.88
2025-07-02 12:09:52,23.22
2025-07-02 13:15:09,25.8
2025-07-02 14:05:57,27.79
2025-07-02 15:06:05,29.05
2025-07-02 16:06:36,29.55
2025-07-02 17:06:25,30.67
2025-07-02 18:08:01,30.38
2025-07-02 19:05:00,30.61
2025-07-02 20:06:08,30.81
2025-07-02 21:05:32,30.81
2025-07-02 22:05:33,30.53
2025-07-02 23:06:06,29.64
2025-07-03 00:26:10,29.96
2025-07-03 01:34:18,28.76
2025-07-03 02:38:34,27.14
2025-07-03 03:30:01,27.2
2025-07-03 04:13:57,25.74
2025-07-03 05:08:26,25.15
2025-07-03 06:08:35,24.2
2025-07-03 07:06:50,23.57
2025-07-03 08:07:56,22.77
2025-07-03 09:06:55,22.3
2025-07-03 10:06:43,22.25
2025-07-03 11:05:28,21.9
2025-07-03 12:10:06,24.3
2025-07-03 13:13:57,26.76
2025-07-03 14:06:03,28.59
2025-07-03 15:06:12,30.41
2025-07-03 16:06:58,30.94
2025-07-03 17:06:13,30.88
2025-07-03 18:07:45,31.73
2025-07-03 19:04:45,31.9
2025-07-03 20:05:59,31.74
2025-07-03 21:05:20,31.91
2025-07-03 22:05:28,31.16
2025-07-03 23:05:59,30.27
2025-07-04 00:26:01,30.07
2025-07-04 01:34:05,28.79
2025-07-04 02:36:57,27.94
2025-07-04 03:28:09,27.38
2025-07-04 04:12:07,26.59
2025-07-04 05:07:51,25.58
2025-07-04 06:08:42,25.04
2025-07-04 07:06:53,24.92
2025-07-04 08:07:59,25.05
2025-07-04 09:06:34,25.72
2025-07-04 10:06:15,25.4
2025-07-04 11:05:34,25.51
2025-07-04 12:09:44,25.61
2025-07-04 13:13:58,25.73
2025-07-04 14:05:45,25.47
2025-07-04 15:05:37,26.02
2025-07-04 16:06:41,24.02
2025-07-04 17:05:07,24.02
2025-07-04 18:07:41,30.88
2025-07-04 19:04:43,28.88
2025-07-04 20:06:06,30.36
2025-07-04 21:05:17,31.85
2025-07-04 22:05:34,32.04
2025-07-04 23:05:30,32.28
2025-07-05 00:24:49,31.67
2025-07-05 01:33:39,30.56
2025-07-05 02:35:14,29.59
2025-07-05 03:25:05,28.49
2025-07-05 04:09:15,27.98
2025-07-05 05:05:57,27.44
2025-07-05 06:07:32,27.23
2025-07-05 07:05:30,26.73
2025-07-05 08:07:03,25.96
2025-07-05 09:05:31,25.45
2025-07-05 10:05:40,24.88
2025-07-05 11:04:40,24.67
2025-07-05 12:08:50,26.15
2025-07-05 13:11:25,27.85
2025-07-05 14:05:06,29.41
2025-07-05 15:05:05,30.77
2025-07-05 16:06:24,31.93
2025-07-05 17:04:59,32.49
2025-07-05 18:06:44,33.3
2025-07-05 19:05:07,33.8
2025-07-05 20:05:43,34.35
2025-07-05 21:05:55,34.06
2025-07-05 22:05:04,33.91
2025-07-05 23:05:31,33.57
2025-07-06 00:28:59,32.67
2025-07-06 01:34:14,31.13
2025-07-06 02:43:34,30.21
2025-07-06 03:32:54,29.75
2025-07-06 04:15:30,29.05
2025-07-06 05:06:33,27.59
2025-07-06 06:07:47,26.88
2025-07-06 07:05:31,26.73
2025-07-06 08:06:49,26.63
2025-07-06 09:05:36,26.01
2025-07-06 10:05:41,25.96
2025-07-06 11:04:57,25.73
2025-07-06 12:08:46,26.06
2025-07-06 13:11:48,27.08
2025-07-06 14:05:14,27.59
2025-07-06 15:05:10,27.9
2025-07-06 16:05:59,28.44
2025-07-06 17:04:53,27.62
2025-07-06 18:06:57,28.18
2025-07-06 19:04:34,28.89
2025-07-06 20:06:03,29.53
2025-07-06 21:05:02,26.98
2025-07-06 22:05:22,21.82
2025-07-06 23:05:34,21.53
2025-07-07 00:28:22,20.97
2025-07-07 01:34:44,20.57
2025-07-07 02:41:39,20.68
2025-07-07 03:32:41,20.45
2025-07-07 04:15:31,20.24
2025-07-07 05:08:09,19.9
2025-07-07 06:08:52,19.51
2025-07-07 07:07:31,19.25
2025-07-07 08:09:01,19
2025-07-07 09:08:00,18.91
2025-07-07 10:06:24,18.94
2025-07-07 11:05:28,19.05
2025-07-07 12:10:00,19.13
2025-07-07 13:15:27,20.13
2025-07-07 14:06:38,21.18
2025-07-07 15:05:25,22.36
2025-07-07 16:06:41,22.71
2025-07-07 17:05:43,23.21
2025-07-07 18:07:56,24.95
2025-07-07 19:05:04,24.65
2025-07-07 20:06:38,24.95
2025-07-07 21:05:26,24.82
2025-07-07 22:05:36,23.91
2025-07-07 23:05:32,23.69
2025-07-08 00:26:04,22.49
2025-07-08 01:34:22,21.83
2025-07-08 02:38:16,21.43
2025-07-08 03:29:15,21.26
2025-07-08 04:12:40,20.98
2025-07-08 05:07:16,20.67
2025-07-08 06:08:41,20.37
2025-07-08 07:06:43,19.95
2025-07-08 08:08:22,19.87
2025-07-08 09:07:39,19.76
2025-07-08 10:06:15,19.77
2025-07-08 11:05:46,19.71
2025-07-08 12:10:18,21.33
2025-07-08 13:16:06,23.82
2025-07-08 14:05:56,25.66
2025-07-08 15:06:12,27.62
2025-07-08 16:06:49,29.01
2025-07-08 17:06:17,28.04
2025-07-08 18:07:32,28.45
2025-07-08 19:05:08,28.29
2025-07-08 20:06:22,27.49
2025-07-08 21:05:53,26.91
2025-07-08 22:05:34,25.52
2025-07-08 23:05:34,25.63
2025-07-09 00:27:01,25.68
2025-07-09 01:34:20,24.99
2025-07-09 02:39:24,23.56
2025-07-09 03:31:20,22.88
2025-07-09 04:14:50,22.07
2025-07-09 05:09:02,21.99
2025-07-09 06:08:41,21.73
2025-07-09 07:07:02,21.42
2025-07-09 08:08:02,21.35
2025-07-09 09:07:48,21.29
2025-07-09 10:06:24,21.11
2025-07-09 11:05:48,21.07
2025-07-09 12:10:16,21.64
2025-07-09 13:15:34,23.07
2025-07-09 14:06:12,24.01
2025-07-09 15:06:20,26.94
2025-07-09 16:05:43,27.71
2025-07-09 17:07:00,27.19
2025-07-09 18:07:59,24.72
2025-07-09 19:05:33,23.6
2025-07-09 20:06:11,22.55
2025-07-09 21:05:37,22.83
2025-07-09 22:05:42,23.36
2025-07-09 23:06:04,22.27
2025-07-10 00:26:26,21.55
2025-07-10 01:34:25,20.6
2025-07-10 02:39:19,20.37
2025-07-10 03:31:07,20.37
2025-07-10 04:13:41,20.34
2025-07-10 05:08:26,20.3
2025-07-10 06:08:49,20.55
2025-07-10 07:07:11,20.11
2025-07-10 08:08:06,19.89
2025-07-10 09:07:48,19.75
2025-07-10 10:06:34,19.65
2025-07-10 11:05:34,19.16
2025-07-10 12:10:09,20.73
2025-07-10 13:15:43,22.56
2025-07-10 14:06:37,24.16
2025-07-10 15:06:37,25.47
2025-07-10 16:06:49,26.5
2025-07-10 17:07:51,27.24
2025-07-10 18:08:00,26.72
2025-07-10 19:05:03,26.97
2025-07-10 20:06:22,27.07
2025-07-10 21:05:37,27
2025-07-10 22:05:31,26.39
2025-07-10 23:05:54,25.46
2025-07-11 00:26:36,24.59
2025-07-11 01:34:26,20.96
2025-07-11 02:41:39,21.21
2025-07-11 03:33:58,21.31
2025-07-11 04:17:58,21.06
2025-07-11 05:08:33,21.14
2025-07-11 06:08:39,20.84
2025-07-11 07:07:20,21.09
2025-07-11 08:08:03,21.42
2025-07-11 09:07:10,21.96
2025-07-11 10:06:17,21.65
2025-07-11 11:05:46,21.84
2025-07-11 12:09:49,22.31
2025-07-11 13:14:53,23.57
2025-07-11 14:06:17,23.9
2025-07-11 15:06:01,24.95
2025-07-11 16:06:30,26.73
2025-07-11 17:06:20,28.47
2025-07-11 18:07:50,30.31
2025-07-11 19:04:59,31.15
2025-07-11 20:06:26,32.17
2025-07-11 21:05:26,32.3
2025-07-11 22:05:25,32.42
2025-07-11 23:05:41,32.92
2025-07-12 00:26:14,32.02
2025-07-12 01:34:35,31.02
